timestamp	company	status
2026-07-31T09:31:45.182Z	Perk	reachable
2026-07-31T09:31:45.182Z	Job&Talent	reachable
2026-07-31T09:31:45.182Z	Indra Sistemas	reachable
2026-07-31T09:31:45.182Z	Factorial	reachable
2026-07-31T09:31:45.182Z	Scopely	reachable
2026-07-31T09:31:45.182Z	Startale	reachable
2026-07-31T09:31:45.182Z	Aptos Labs	reachable
2026-07-31T09:31:45.182Z	OKX	reachable
2026-07-31T09:31:45.182Z	Uniswap Labs	slug_gone
2026-07-31T09:31:45.182Z	Blockchain.com	reachable
2026-07-31T09:31:45.182Z	Cosmos Labs	reachable
2026-07-31T09:31:45.182Z	BitGo	reachable
2026-07-31T09:31:45.182Z	Eclipse	reachable
2026-07-31T09:31:45.182Z	Bungie	reachable
2026-07-31T09:31:45.182Z	Twitch	reachable
2026-07-31T09:31:45.182Z	Hyphen Connect	reachable
2026-07-31T09:31:45.182Z	Remote	reachable
2026-07-31T09:31:45.182Z	VaynerMedia	reachable
2026-07-31T09:31:45.182Z	Smartling	reachable
2026-07-31T09:31:45.182Z	Later	reachable
2026-07-31T09:31:45.182Z	CoW DAO	reachable
2026-07-31T09:31:45.182Z	Solana Foundation	reachable
2026-07-31T09:31:45.182Z	Sky Mavis	reachable
2026-07-31T09:31:45.182Z	Sahara AI	reachable
2026-07-31T09:31:45.182Z	Ava Labs	reachable
2026-07-31T09:31:45.182Z	Trust Wallet	reachable
2026-07-31T09:31:45.182Z	Chainlink Labs	slug_gone
2026-07-31T09:31:45.182Z	OP Labs	reachable
2026-07-31T09:31:45.182Z	Monad Foundation	reachable
2026-07-31T09:31:45.182Z	Wormhole Foundation	reachable
2026-07-31T09:31:45.182Z	Caldera	slug_gone
2026-07-31T09:31:45.182Z	Hyperliquid Labs	reachable
2026-07-31T09:31:45.182Z	Polygon Labs	reachable
2026-07-31T09:31:45.182Z	Lido Finance	reachable
2026-07-31T09:31:45.182Z	Wincent	reachable
2026-07-31T09:31:45.182Z	YO Labs	reachable
2026-07-31T09:31:45.182Z	thatgamecompany	reachable
2026-07-31T09:31:45.182Z	Colonist	reachable
2026-07-31T09:31:45.182Z	LILT	slug_gone
2026-07-31T09:31:45.182Z	Larian Studios	network
2026-07-31T09:31:45.182Z	Binance	reachable
2026-07-31T09:31:45.182Z	Animoca Brands	reachable
2026-07-31T09:31:45.182Z	fun.xyz	reachable
2026-07-31T09:31:45.182Z	Token Metrics	slug_gone
2026-07-31T09:31:45.182Z	Nibiru	reachable
2026-07-31T09:31:45.182Z	Manta Network	slug_gone
2026-07-31T09:31:45.182Z	Offchain Labs	reachable
2026-07-31T09:31:45.182Z	Crypto.com	reachable
2026-07-31T09:31:45.182Z	Arbitrum Foundation	reachable
2026-07-31T09:31:45.182Z	CertiK	reachable
2026-07-31T09:31:45.182Z	Immutable	reachable
2026-07-31T09:31:45.182Z	Sei Labs	slug_gone
2026-07-31T09:31:45.182Z	Scroll	slug_gone
2026-07-31T09:31:45.182Z	Ultra	slug_gone
2026-07-31T09:31:45.182Z	Gate	reachable
2026-07-31T09:31:45.182Z	Polygon	slug_gone
2026-07-31T09:31:45.182Z	Serotonin	reachable
2026-07-31T09:31:45.182Z	IOVLabs	slug_gone
2026-07-31T09:31:45.182Z	Crypto Banter	reachable
2026-07-31T09:31:45.182Z	DAOs Hub	reachable
2026-07-31T09:31:45.182Z	Stronghold	slug_gone
2026-07-31T09:31:45.182Z	ChainGPT	reachable
2026-07-31T09:31:45.182Z	MLabs	empty
2026-07-31T09:31:45.182Z	Hike	empty
2026-07-31T09:31:45.182Z	IO Global	reachable
2026-07-31T09:31:45.182Z	MetaEngine	empty
2026-07-31T09:31:45.182Z	ThriveCoin	slug_gone
2026-07-31T09:31:45.182Z	ClayStack	empty
2026-07-31T09:31:45.182Z	ClubRare	empty
2026-07-31T09:31:45.182Z	Faraway	empty
2026-07-31T09:31:45.182Z	Bisonic	empty
2026-07-31T09:31:45.182Z	Ankr	slug_gone
2026-07-31T09:31:45.182Z	Bitcraft	empty
2026-07-31T09:31:45.182Z	Keywords Studios	empty
2026-07-31T09:31:45.182Z	Fast Break Labs	empty
2026-07-31T09:31:45.182Z	Coinbase	reachable
2026-07-31T09:31:45.182Z	Ripple	reachable
2026-07-31T09:31:45.182Z	MoonPay	slug_gone
2026-07-31T09:31:45.182Z	Near Foundation	reachable
2026-07-31T09:31:45.182Z	Filecoin Foundation	reachable
2026-07-31T09:31:45.182Z	Epic Games	reachable
2026-07-31T09:31:45.182Z	Riot Games	empty
2026-07-31T09:31:45.182Z	Circle.so (community platform)	reachable
2026-07-31T09:31:45.182Z	Kraken	reachable
2026-07-31T09:31:45.182Z	Anchorage Digital	network
2026-07-31T09:31:45.182Z	OpenSea	reachable
2026-07-31T09:31:45.182Z	Mysten Labs (Sui)	reachable
2026-07-31T09:31:45.182Z	Blast	empty
2026-07-31T09:31:45.182Z	RemoteOK	reachable
2026-07-31T09:31:45.182Z	Remotive	reachable
2026-07-31T09:31:45.182Z	Himalayas	reachable
2026-07-31T09:31:45.182Z	WeWorkRemotely	reachable
2026-07-31T09:31:45.182Z	Working Nomads	reachable
2026-07-31T09:31:45.182Z	Jobicy	reachable
2026-07-31T09:31:45.182Z	Arbeitnow	reachable
2026-07-31T09:31:45.182Z	NoDesk	reachable
2026-07-31T09:31:45.182Z	Jobspresso	reachable
2026-07-31T13:23:36.559Z	Perk	reachable
2026-07-31T13:23:36.559Z	Job&Talent	reachable
2026-07-31T13:23:36.559Z	Indra Sistemas	reachable
2026-07-31T13:23:36.559Z	Factorial	reachable
2026-07-31T13:23:36.559Z	Scopely	reachable
2026-07-31T13:23:36.559Z	Startale	reachable
2026-07-31T13:23:36.559Z	Aptos Labs	reachable
2026-07-31T13:23:36.559Z	OKX	reachable
2026-07-31T13:23:36.559Z	Uniswap Labs	slug_gone
2026-07-31T13:23:36.559Z	Blockchain.com	reachable
2026-07-31T13:23:36.559Z	Cosmos Labs	reachable
2026-07-31T13:23:36.559Z	BitGo	reachable
2026-07-31T13:23:36.559Z	Eclipse	reachable
2026-07-31T13:23:36.559Z	Bungie	reachable
2026-07-31T13:23:36.559Z	Twitch	reachable
2026-07-31T13:23:36.559Z	Hyphen Connect	reachable
2026-07-31T13:23:36.559Z	Remote	reachable
2026-07-31T13:23:36.559Z	VaynerMedia	reachable
2026-07-31T13:23:36.559Z	Smartling	reachable
2026-07-31T13:23:36.559Z	Later	reachable
2026-07-31T13:23:36.559Z	CoW DAO	reachable
2026-07-31T13:23:36.559Z	Solana Foundation	reachable
2026-07-31T13:23:36.559Z	Sky Mavis	reachable
2026-07-31T13:23:36.559Z	Sahara AI	reachable
2026-07-31T13:23:36.559Z	Ava Labs	reachable
2026-07-31T13:23:36.559Z	Trust Wallet	reachable
2026-07-31T13:23:36.559Z	Chainlink Labs	slug_gone
2026-07-31T13:23:36.559Z	OP Labs	reachable
2026-07-31T13:23:36.559Z	Monad Foundation	reachable
2026-07-31T13:23:36.559Z	Wormhole Foundation	reachable
2026-07-31T13:23:36.559Z	Caldera	slug_gone
2026-07-31T13:23:36.559Z	Hyperliquid Labs	reachable
2026-07-31T13:23:36.559Z	Polygon Labs	reachable
2026-07-31T13:23:36.559Z	Lido Finance	reachable
2026-07-31T13:23:36.559Z	Wincent	reachable
2026-07-31T13:23:36.559Z	YO Labs	reachable
2026-07-31T13:23:36.559Z	thatgamecompany	reachable
2026-07-31T13:23:36.559Z	Colonist	reachable
2026-07-31T13:23:36.559Z	LILT	slug_gone
2026-07-31T13:23:36.559Z	Larian Studios	reachable
2026-07-31T13:23:36.559Z	Binance	reachable
2026-07-31T13:23:36.559Z	Animoca Brands	reachable
2026-07-31T13:23:36.559Z	fun.xyz	reachable
2026-07-31T13:23:36.559Z	Token Metrics	slug_gone
2026-07-31T13:23:36.559Z	Nibiru	reachable
2026-07-31T13:23:36.559Z	Manta Network	slug_gone
2026-07-31T13:23:36.559Z	Offchain Labs	reachable
2026-07-31T13:23:36.559Z	Crypto.com	reachable
2026-07-31T13:23:36.559Z	Arbitrum Foundation	reachable
2026-07-31T13:23:36.559Z	CertiK	reachable
2026-07-31T13:23:36.559Z	Immutable	reachable
2026-07-31T13:23:36.559Z	Sei Labs	slug_gone
2026-07-31T13:23:36.559Z	Scroll	slug_gone
2026-07-31T13:23:36.559Z	Ultra	slug_gone
2026-07-31T13:23:36.559Z	Gate	reachable
2026-07-31T13:23:36.559Z	Polygon	slug_gone
2026-07-31T13:23:36.559Z	Serotonin	reachable
2026-07-31T13:23:36.559Z	IOVLabs	slug_gone
2026-07-31T13:23:36.559Z	Crypto Banter	reachable
2026-07-31T13:23:36.559Z	DAOs Hub	network
2026-07-31T13:23:36.559Z	Stronghold	slug_gone
2026-07-31T13:23:36.559Z	ChainGPT	reachable
2026-07-31T13:23:36.559Z	MLabs	empty
2026-07-31T13:23:36.559Z	Hike	empty
2026-07-31T13:23:36.559Z	IO Global	reachable
2026-07-31T13:23:36.559Z	MetaEngine	empty
2026-07-31T13:23:36.559Z	ThriveCoin	slug_gone
2026-07-31T13:23:36.559Z	ClayStack	empty
2026-07-31T13:23:36.559Z	ClubRare	empty
2026-07-31T13:23:36.559Z	Faraway	empty
2026-07-31T13:23:36.559Z	Bisonic	empty
2026-07-31T13:23:36.559Z	Ankr	slug_gone
2026-07-31T13:23:36.559Z	Bitcraft	empty
2026-07-31T13:23:36.559Z	Keywords Studios	empty
2026-07-31T13:23:36.559Z	Fast Break Labs	empty
2026-07-31T13:23:36.559Z	Coinbase	reachable
2026-07-31T13:23:36.559Z	Ripple	reachable
2026-07-31T13:23:36.559Z	MoonPay	slug_gone
2026-07-31T13:23:36.559Z	Near Foundation	reachable
2026-07-31T13:23:36.559Z	Filecoin Foundation	reachable
2026-07-31T13:23:36.559Z	Epic Games	reachable
2026-07-31T13:23:36.559Z	Riot Games	empty
2026-07-31T13:23:36.559Z	Circle.so (community platform)	reachable
2026-07-31T13:23:36.559Z	Kraken	reachable
2026-07-31T13:23:36.559Z	Anchorage Digital	reachable
2026-07-31T13:23:36.559Z	OpenSea	reachable
2026-07-31T13:23:36.559Z	Mysten Labs (Sui)	reachable
2026-07-31T13:23:36.559Z	Blast	empty
2026-07-31T13:23:36.559Z	RemoteOK	reachable
2026-07-31T13:23:36.559Z	Remotive	reachable
2026-07-31T13:23:36.559Z	Himalayas	reachable
2026-07-31T13:23:36.559Z	WeWorkRemotely	reachable
2026-07-31T13:23:36.559Z	Working Nomads	reachable
2026-07-31T13:23:36.559Z	Jobicy	reachable
2026-07-31T13:23:36.559Z	Arbeitnow	reachable
2026-07-31T13:23:36.559Z	NoDesk	reachable
2026-07-31T13:23:36.559Z	Jobspresso	auth
2026-08-01T11:23:21.831Z	Perk	reachable
2026-08-01T11:23:21.831Z	Job&Talent	reachable
2026-08-01T11:23:21.831Z	Indra Sistemas	reachable
2026-08-01T11:23:21.831Z	Factorial	reachable
2026-08-01T11:23:21.831Z	Scopely	reachable
2026-08-01T11:23:21.831Z	Startale	reachable
2026-08-01T11:23:21.831Z	Aptos Labs	reachable
2026-08-01T11:23:21.831Z	OKX	reachable
2026-08-01T11:23:21.831Z	Uniswap Labs	slug_gone
2026-08-01T11:23:21.831Z	Blockchain.com	reachable
2026-08-01T11:23:21.831Z	Cosmos Labs	reachable
2026-08-01T11:23:21.831Z	BitGo	reachable
2026-08-01T11:23:21.831Z	Eclipse	reachable
2026-08-01T11:23:21.831Z	Bungie	reachable
2026-08-01T11:23:21.831Z	Twitch	reachable
2026-08-01T11:23:21.831Z	Hyphen Connect	reachable
2026-08-01T11:23:21.831Z	Remote	reachable
2026-08-01T11:23:21.831Z	VaynerMedia	reachable
2026-08-01T11:23:21.831Z	Smartling	reachable
2026-08-01T11:23:21.831Z	Later	reachable
2026-08-01T11:23:21.831Z	CoW DAO	reachable
2026-08-01T11:23:21.831Z	Solana Foundation	reachable
2026-08-01T11:23:21.831Z	Sky Mavis	reachable
2026-08-01T11:23:21.831Z	Sahara AI	reachable
2026-08-01T11:23:21.831Z	Ava Labs	reachable
2026-08-01T11:23:21.831Z	Trust Wallet	reachable
2026-08-01T11:23:21.831Z	Chainlink Labs	slug_gone
2026-08-01T11:23:21.831Z	OP Labs	reachable
2026-08-01T11:23:21.831Z	Monad Foundation	reachable
2026-08-01T11:23:21.831Z	Wormhole Foundation	reachable
2026-08-01T11:23:21.831Z	Caldera	slug_gone
2026-08-01T11:23:21.831Z	Hyperliquid Labs	reachable
2026-08-01T11:23:21.831Z	Polygon Labs	reachable
2026-08-01T11:23:21.831Z	Lido Finance	reachable
2026-08-01T11:23:21.831Z	Wincent	reachable
2026-08-01T11:23:21.831Z	YO Labs	reachable
2026-08-01T11:23:21.831Z	thatgamecompany	reachable
2026-08-01T11:23:21.831Z	Colonist	reachable
2026-08-01T11:23:21.831Z	LILT	slug_gone
2026-08-01T11:23:21.831Z	Larian Studios	reachable
2026-08-01T11:23:21.831Z	Binance	reachable
2026-08-01T11:23:21.831Z	Animoca Brands	reachable
2026-08-01T11:23:21.831Z	fun.xyz	reachable
2026-08-01T11:23:21.831Z	Token Metrics	slug_gone
2026-08-01T11:23:21.831Z	Nibiru	reachable
2026-08-01T11:23:21.831Z	Manta Network	slug_gone
2026-08-01T11:23:21.831Z	Offchain Labs	reachable
2026-08-01T11:23:21.831Z	Crypto.com	reachable
2026-08-01T11:23:21.831Z	Arbitrum Foundation	reachable
2026-08-01T11:23:21.831Z	CertiK	reachable
2026-08-01T11:23:21.831Z	Immutable	reachable
2026-08-01T11:23:21.831Z	Sei Labs	slug_gone
2026-08-01T11:23:21.831Z	Scroll	slug_gone
2026-08-01T11:23:21.831Z	Ultra	slug_gone
2026-08-01T11:23:21.831Z	Gate	reachable
2026-08-01T11:23:21.831Z	Polygon	slug_gone
2026-08-01T11:23:21.831Z	Serotonin	reachable
2026-08-01T11:23:21.831Z	IOVLabs	slug_gone
2026-08-01T11:23:21.831Z	Crypto Banter	reachable
2026-08-01T11:23:21.831Z	DAOs Hub	reachable
2026-08-01T11:23:21.831Z	Stronghold	slug_gone
2026-08-01T11:23:21.831Z	ChainGPT	reachable
2026-08-01T11:23:21.831Z	MLabs	empty
2026-08-01T11:23:21.831Z	Hike	empty
2026-08-01T11:23:21.831Z	IO Global	reachable
2026-08-01T11:23:21.831Z	MetaEngine	empty
2026-08-01T11:23:21.831Z	ThriveCoin	slug_gone
2026-08-01T11:23:21.831Z	ClayStack	empty
2026-08-01T11:23:21.831Z	ClubRare	empty
2026-08-01T11:23:21.831Z	Faraway	empty
2026-08-01T11:23:21.831Z	Bisonic	empty
2026-08-01T11:23:21.831Z	Ankr	slug_gone
2026-08-01T11:23:21.831Z	Bitcraft	empty
2026-08-01T11:23:21.831Z	Keywords Studios	empty
2026-08-01T11:23:21.831Z	Fast Break Labs	empty
2026-08-01T11:23:21.831Z	Coinbase	reachable
2026-08-01T11:23:21.831Z	Ripple	reachable
2026-08-01T11:23:21.831Z	MoonPay	slug_gone
2026-08-01T11:23:21.831Z	Near Foundation	reachable
2026-08-01T11:23:21.831Z	Filecoin Foundation	reachable
2026-08-01T11:23:21.831Z	Epic Games	reachable
2026-08-01T11:23:21.831Z	Riot Games	empty
2026-08-01T11:23:21.831Z	Circle.so (community platform)	reachable
2026-08-01T11:23:21.831Z	Kraken	reachable
2026-08-01T11:23:21.831Z	Anchorage Digital	reachable
2026-08-01T11:23:21.831Z	OpenSea	reachable
2026-08-01T11:23:21.831Z	Mysten Labs (Sui)	reachable
2026-08-01T11:23:21.831Z	Blast	empty
2026-08-01T11:23:21.831Z	RemoteOK	reachable
2026-08-01T11:23:21.831Z	Remotive	reachable
2026-08-01T11:23:21.831Z	Himalayas	reachable
2026-08-01T11:23:21.831Z	WeWorkRemotely	reachable
2026-08-01T11:23:21.831Z	Working Nomads	reachable
2026-08-01T11:23:21.831Z	Jobicy	reachable
2026-08-01T11:23:21.831Z	Arbeitnow	reachable
2026-08-01T11:23:21.831Z	NoDesk	reachable
2026-08-01T11:23:21.831Z	Jobspresso	reachable
2026-08-02T09:31:37.051Z	Perk	reachable
2026-08-02T09:31:37.051Z	Job&Talent	reachable
2026-08-02T09:31:37.051Z	Indra Sistemas	reachable
2026-08-02T09:31:37.051Z	Factorial	reachable
2026-08-02T09:31:37.051Z	Scopely	reachable
2026-08-02T09:31:37.051Z	Startale	reachable
2026-08-02T09:31:37.051Z	Aptos Labs	reachable
2026-08-02T09:31:37.051Z	OKX	reachable
2026-08-02T09:31:37.051Z	Uniswap Labs	slug_gone
2026-08-02T09:31:37.051Z	Blockchain.com	reachable
2026-08-02T09:31:37.051Z	Cosmos Labs	reachable
2026-08-02T09:31:37.051Z	BitGo	reachable
2026-08-02T09:31:37.051Z	Eclipse	reachable
2026-08-02T09:31:37.051Z	Bungie	reachable
2026-08-02T09:31:37.051Z	Twitch	reachable
2026-08-02T09:31:37.051Z	Hyphen Connect	reachable
2026-08-02T09:31:37.051Z	Remote	reachable
2026-08-02T09:31:37.051Z	VaynerMedia	reachable
2026-08-02T09:31:37.051Z	Smartling	reachable
2026-08-02T09:31:37.051Z	Later	reachable
2026-08-02T09:31:37.051Z	CoW DAO	reachable
2026-08-02T09:31:37.051Z	Solana Foundation	reachable
2026-08-02T09:31:37.051Z	Sky Mavis	reachable
2026-08-02T09:31:37.051Z	Sahara AI	reachable
2026-08-02T09:31:37.051Z	Ava Labs	reachable
2026-08-02T09:31:37.051Z	Trust Wallet	reachable
2026-08-02T09:31:37.051Z	Chainlink Labs	slug_gone
2026-08-02T09:31:37.051Z	OP Labs	reachable
2026-08-02T09:31:37.051Z	Monad Foundation	reachable
2026-08-02T09:31:37.051Z	Wormhole Foundation	reachable
2026-08-02T09:31:37.051Z	Caldera	slug_gone
2026-08-02T09:31:37.051Z	Hyperliquid Labs	reachable
2026-08-02T09:31:37.051Z	Polygon Labs	reachable
2026-08-02T09:31:37.051Z	Lido Finance	reachable
2026-08-02T09:31:37.051Z	Wincent	reachable
2026-08-02T09:31:37.051Z	YO Labs	reachable
2026-08-02T09:31:37.051Z	thatgamecompany	reachable
2026-08-02T09:31:37.051Z	Colonist	reachable
2026-08-02T09:31:37.051Z	LILT	slug_gone
2026-08-02T09:31:37.051Z	Larian Studios	reachable
2026-08-02T09:31:37.051Z	Binance	reachable
2026-08-02T09:31:37.051Z	Animoca Brands	reachable
2026-08-02T09:31:37.051Z	fun.xyz	reachable
2026-08-02T09:31:37.051Z	Token Metrics	slug_gone
2026-08-02T09:31:37.051Z	Nibiru	reachable
2026-08-02T09:31:37.051Z	Manta Network	slug_gone
2026-08-02T09:31:37.051Z	Offchain Labs	reachable
2026-08-02T09:31:37.051Z	Crypto.com	reachable
2026-08-02T09:31:37.051Z	Arbitrum Foundation	reachable
2026-08-02T09:31:37.051Z	CertiK	reachable
2026-08-02T09:31:37.051Z	Immutable	reachable
2026-08-02T09:31:37.051Z	Sei Labs	slug_gone
2026-08-02T09:31:37.051Z	Scroll	slug_gone
2026-08-02T09:31:37.051Z	Ultra	slug_gone
2026-08-02T09:31:37.051Z	Gate	reachable
2026-08-02T09:31:37.051Z	Polygon	slug_gone
2026-08-02T09:31:37.051Z	Serotonin	reachable
2026-08-02T09:31:37.051Z	IOVLabs	slug_gone
2026-08-02T09:31:37.051Z	Crypto Banter	reachable
2026-08-02T09:31:37.051Z	DAOs Hub	reachable
2026-08-02T09:31:37.051Z	Stronghold	slug_gone
2026-08-02T09:31:37.051Z	ChainGPT	reachable
2026-08-02T09:31:37.051Z	MLabs	empty
2026-08-02T09:31:37.051Z	Hike	empty
2026-08-02T09:31:37.051Z	IO Global	reachable
2026-08-02T09:31:37.051Z	MetaEngine	empty
2026-08-02T09:31:37.051Z	ThriveCoin	slug_gone
2026-08-02T09:31:37.051Z	ClayStack	empty
2026-08-02T09:31:37.051Z	ClubRare	empty
2026-08-02T09:31:37.051Z	Faraway	empty
2026-08-02T09:31:37.051Z	Bisonic	empty
2026-08-02T09:31:37.051Z	Ankr	slug_gone
2026-08-02T09:31:37.051Z	Bitcraft	empty
2026-08-02T09:31:37.051Z	Keywords Studios	empty
2026-08-02T09:31:37.051Z	Fast Break Labs	empty
2026-08-02T09:31:37.051Z	Coinbase	reachable
2026-08-02T09:31:37.051Z	Ripple	reachable
2026-08-02T09:31:37.051Z	MoonPay	slug_gone
2026-08-02T09:31:37.051Z	Near Foundation	reachable
2026-08-02T09:31:37.051Z	Filecoin Foundation	reachable
2026-08-02T09:31:37.051Z	Epic Games	reachable
2026-08-02T09:31:37.051Z	Riot Games	empty
2026-08-02T09:31:37.051Z	Circle.so (community platform)	reachable
2026-08-02T09:31:37.051Z	Kraken	reachable
2026-08-02T09:31:37.051Z	Anchorage Digital	reachable
2026-08-02T09:31:37.051Z	OpenSea	reachable
2026-08-02T09:31:37.051Z	Mysten Labs (Sui)	reachable
2026-08-02T09:31:37.051Z	Blast	empty
2026-08-02T09:31:37.051Z	RemoteOK	reachable
2026-08-02T09:31:37.051Z	Remotive	reachable
2026-08-02T09:31:37.051Z	Himalayas	reachable
2026-08-02T09:31:37.051Z	WeWorkRemotely	reachable
2026-08-02T09:31:37.051Z	Working Nomads	reachable
2026-08-02T09:31:37.051Z	Jobicy	reachable
2026-08-02T09:31:37.051Z	Arbeitnow	reachable
2026-08-02T09:31:37.051Z	NoDesk	reachable
2026-08-02T09:31:37.051Z	Jobspresso	reachable
2026-08-02T09:31:37.051Z	Adzuna UK	unknown
2026-08-03T09:31:46.994Z	Perk	reachable
2026-08-03T09:31:46.994Z	Job&Talent	reachable
2026-08-03T09:31:46.994Z	Indra Sistemas	reachable
2026-08-03T09:31:46.994Z	Factorial	reachable
2026-08-03T09:31:46.994Z	Scopely	reachable
2026-08-03T09:31:46.994Z	Startale	reachable
2026-08-03T09:31:46.994Z	Aptos Labs	reachable
2026-08-03T09:31:46.994Z	OKX	reachable
2026-08-03T09:31:46.994Z	Uniswap Labs	slug_gone
2026-08-03T09:31:46.994Z	Blockchain.com	reachable
2026-08-03T09:31:46.994Z	Cosmos Labs	reachable
2026-08-03T09:31:46.994Z	BitGo	reachable
2026-08-03T09:31:46.994Z	Eclipse	reachable
2026-08-03T09:31:46.994Z	Bungie	reachable
2026-08-03T09:31:46.994Z	Twitch	reachable
2026-08-03T09:31:46.994Z	Hyphen Connect	reachable
2026-08-03T09:31:46.994Z	Remote	reachable
2026-08-03T09:31:46.994Z	VaynerMedia	reachable
2026-08-03T09:31:46.994Z	Smartling	reachable
2026-08-03T09:31:46.994Z	Later	reachable
2026-08-03T09:31:46.994Z	CoW DAO	reachable
2026-08-03T09:31:46.994Z	Solana Foundation	reachable
2026-08-03T09:31:46.994Z	Sky Mavis	reachable
2026-08-03T09:31:46.994Z	Sahara AI	reachable
2026-08-03T09:31:46.994Z	Ava Labs	reachable
2026-08-03T09:31:46.994Z	Trust Wallet	reachable
2026-08-03T09:31:46.994Z	Chainlink Labs	slug_gone
2026-08-03T09:31:46.994Z	OP Labs	reachable
2026-08-03T09:31:46.994Z	Monad Foundation	reachable
2026-08-03T09:31:46.994Z	Wormhole Foundation	reachable
2026-08-03T09:31:46.994Z	Caldera	slug_gone
2026-08-03T09:31:46.994Z	Hyperliquid Labs	reachable
2026-08-03T09:31:46.994Z	Polygon Labs	reachable
2026-08-03T09:31:46.994Z	Lido Finance	reachable
2026-08-03T09:31:46.994Z	Wincent	reachable
2026-08-03T09:31:46.994Z	YO Labs	reachable
2026-08-03T09:31:46.994Z	thatgamecompany	reachable
2026-08-03T09:31:46.994Z	Colonist	reachable
2026-08-03T09:31:46.994Z	LILT	slug_gone
2026-08-03T09:31:46.994Z	Larian Studios	reachable
2026-08-03T09:31:46.994Z	Binance	reachable
2026-08-03T09:31:46.994Z	Animoca Brands	reachable
2026-08-03T09:31:46.994Z	fun.xyz	reachable
2026-08-03T09:31:46.994Z	Token Metrics	slug_gone
2026-08-03T09:31:46.994Z	Nibiru	reachable
2026-08-03T09:31:46.994Z	Manta Network	slug_gone
2026-08-03T09:31:46.994Z	Offchain Labs	reachable
2026-08-03T09:31:46.994Z	Crypto.com	reachable
2026-08-03T09:31:46.994Z	Arbitrum Foundation	reachable
2026-08-03T09:31:46.994Z	CertiK	reachable
2026-08-03T09:31:46.994Z	Immutable	reachable
2026-08-03T09:31:46.994Z	Sei Labs	slug_gone
2026-08-03T09:31:46.994Z	Scroll	slug_gone
2026-08-03T09:31:46.994Z	Ultra	slug_gone
2026-08-03T09:31:46.994Z	Gate	reachable
2026-08-03T09:31:46.994Z	Polygon	slug_gone
2026-08-03T09:31:46.994Z	Serotonin	reachable
2026-08-03T09:31:46.994Z	IOVLabs	slug_gone
2026-08-03T09:31:46.994Z	Crypto Banter	reachable
2026-08-03T09:31:46.994Z	DAOs Hub	reachable
2026-08-03T09:31:46.994Z	Stronghold	slug_gone
2026-08-03T09:31:46.994Z	ChainGPT	reachable
2026-08-03T09:31:46.994Z	MLabs	empty
2026-08-03T09:31:46.994Z	Hike	empty
2026-08-03T09:31:46.994Z	IO Global	reachable
2026-08-03T09:31:46.994Z	MetaEngine	empty
2026-08-03T09:31:46.994Z	ThriveCoin	slug_gone
2026-08-03T09:31:46.994Z	ClayStack	empty
2026-08-03T09:31:46.994Z	ClubRare	empty
2026-08-03T09:31:46.994Z	Faraway	empty
2026-08-03T09:31:46.994Z	Bisonic	empty
2026-08-03T09:31:46.994Z	Ankr	slug_gone
2026-08-03T09:31:46.994Z	Bitcraft	empty
2026-08-03T09:31:46.994Z	Keywords Studios	empty
2026-08-03T09:31:46.994Z	Fast Break Labs	empty
2026-08-03T09:31:46.994Z	Coinbase	reachable
2026-08-03T09:31:46.994Z	Ripple	reachable
2026-08-03T09:31:46.994Z	MoonPay	slug_gone
2026-08-03T09:31:46.994Z	Near Foundation	reachable
2026-08-03T09:31:46.994Z	Filecoin Foundation	reachable
2026-08-03T09:31:46.994Z	Epic Games	reachable
2026-08-03T09:31:46.994Z	Riot Games	empty
2026-08-03T09:31:46.994Z	Circle.so (community platform)	reachable
2026-08-03T09:31:46.994Z	Kraken	reachable
2026-08-03T09:31:46.994Z	Anchorage Digital	reachable
2026-08-03T09:31:46.994Z	OpenSea	reachable
2026-08-03T09:31:46.994Z	Mysten Labs (Sui)	reachable
2026-08-03T09:31:46.994Z	Blast	empty
2026-08-03T09:31:46.994Z	RemoteOK	reachable
2026-08-03T09:31:46.994Z	Remotive	reachable
2026-08-03T09:31:46.994Z	Himalayas	reachable
2026-08-03T09:31:46.994Z	WeWorkRemotely	reachable
2026-08-03T09:31:46.994Z	Working Nomads	reachable
2026-08-03T09:31:46.994Z	Jobicy	reachable
2026-08-03T09:31:46.994Z	Arbeitnow	reachable
2026-08-03T09:31:46.994Z	NoDesk	reachable
2026-08-03T09:31:46.994Z	Jobspresso	reachable
2026-08-03T09:31:46.994Z	Adzuna UK	unknown
2026-08-04T09:31:40.002Z	Perk	reachable
2026-08-04T09:31:40.002Z	Job&Talent	reachable
2026-08-04T09:31:40.002Z	Indra Sistemas	reachable
2026-08-04T09:31:40.002Z	Factorial	reachable
2026-08-04T09:31:40.002Z	Scopely	reachable
2026-08-04T09:31:40.002Z	Startale	reachable
2026-08-04T09:31:40.002Z	Aptos Labs	reachable
2026-08-04T09:31:40.002Z	OKX	reachable
2026-08-04T09:31:40.002Z	Uniswap Labs	slug_gone
2026-08-04T09:31:40.002Z	Blockchain.com	reachable
2026-08-04T09:31:40.002Z	Cosmos Labs	reachable
2026-08-04T09:31:40.002Z	BitGo	reachable
2026-08-04T09:31:40.002Z	Eclipse	reachable
2026-08-04T09:31:40.002Z	Bungie	reachable
2026-08-04T09:31:40.002Z	Twitch	reachable
2026-08-04T09:31:40.002Z	Hyphen Connect	reachable
2026-08-04T09:31:40.002Z	Remote	reachable
2026-08-04T09:31:40.002Z	VaynerMedia	reachable
2026-08-04T09:31:40.002Z	Smartling	reachable
2026-08-04T09:31:40.002Z	Later	reachable
2026-08-04T09:31:40.002Z	CoW DAO	reachable
2026-08-04T09:31:40.002Z	Solana Foundation	reachable
2026-08-04T09:31:40.002Z	Sky Mavis	reachable
2026-08-04T09:31:40.002Z	Sahara AI	reachable
2026-08-04T09:31:40.002Z	Ava Labs	reachable
2026-08-04T09:31:40.002Z	Trust Wallet	reachable
2026-08-04T09:31:40.002Z	Chainlink Labs	slug_gone
2026-08-04T09:31:40.002Z	OP Labs	reachable
2026-08-04T09:31:40.002Z	Monad Foundation	reachable
2026-08-04T09:31:40.002Z	Wormhole Foundation	reachable
2026-08-04T09:31:40.002Z	Caldera	slug_gone
2026-08-04T09:31:40.002Z	Hyperliquid Labs	reachable
2026-08-04T09:31:40.002Z	Polygon Labs	reachable
2026-08-04T09:31:40.002Z	Lido Finance	reachable
2026-08-04T09:31:40.002Z	Wincent	reachable
2026-08-04T09:31:40.002Z	YO Labs	reachable
2026-08-04T09:31:40.002Z	thatgamecompany	reachable
2026-08-04T09:31:40.002Z	Colonist	reachable
2026-08-04T09:31:40.002Z	LILT	slug_gone
2026-08-04T09:31:40.002Z	Larian Studios	reachable
2026-08-04T09:31:40.002Z	Binance	reachable
2026-08-04T09:31:40.002Z	Animoca Brands	reachable
2026-08-04T09:31:40.002Z	fun.xyz	reachable
2026-08-04T09:31:40.002Z	Token Metrics	slug_gone
2026-08-04T09:31:40.002Z	Nibiru	reachable
2026-08-04T09:31:40.002Z	Manta Network	slug_gone
2026-08-04T09:31:40.002Z	Offchain Labs	reachable
2026-08-04T09:31:40.002Z	Crypto.com	reachable
2026-08-04T09:31:40.002Z	Arbitrum Foundation	reachable
2026-08-04T09:31:40.002Z	CertiK	reachable
2026-08-04T09:31:40.002Z	Immutable	reachable
2026-08-04T09:31:40.002Z	Sei Labs	slug_gone
2026-08-04T09:31:40.002Z	Scroll	slug_gone
2026-08-04T09:31:40.002Z	Ultra	slug_gone
2026-08-04T09:31:40.002Z	Gate	reachable
2026-08-04T09:31:40.002Z	Polygon	slug_gone
2026-08-04T09:31:40.002Z	Serotonin	reachable
2026-08-04T09:31:40.002Z	IOVLabs	slug_gone
2026-08-04T09:31:40.002Z	Crypto Banter	reachable
2026-08-04T09:31:40.002Z	DAOs Hub	reachable
2026-08-04T09:31:40.002Z	Stronghold	slug_gone
2026-08-04T09:31:40.002Z	ChainGPT	reachable
2026-08-04T09:31:40.002Z	MLabs	empty
2026-08-04T09:31:40.002Z	Hike	empty
2026-08-04T09:31:40.002Z	IO Global	reachable
2026-08-04T09:31:40.002Z	MetaEngine	empty
2026-08-04T09:31:40.002Z	ThriveCoin	slug_gone
2026-08-04T09:31:40.002Z	ClayStack	empty
2026-08-04T09:31:40.002Z	ClubRare	empty
2026-08-04T09:31:40.002Z	Faraway	empty
2026-08-04T09:31:40.002Z	Bisonic	empty
2026-08-04T09:31:40.002Z	Ankr	slug_gone
2026-08-04T09:31:40.002Z	Bitcraft	empty
2026-08-04T09:31:40.002Z	Keywords Studios	empty
2026-08-04T09:31:40.002Z	Fast Break Labs	empty
2026-08-04T09:31:40.002Z	Coinbase	reachable
2026-08-04T09:31:40.002Z	Ripple	network
2026-08-04T09:31:40.002Z	MoonPay	slug_gone
2026-08-04T09:31:40.002Z	Near Foundation	reachable
2026-08-04T09:31:40.002Z	Filecoin Foundation	reachable
2026-08-04T09:31:40.002Z	Epic Games	reachable
2026-08-04T09:31:40.002Z	Riot Games	empty
2026-08-04T09:31:40.002Z	Circle.so (community platform)	reachable
2026-08-04T09:31:40.002Z	Kraken	reachable
2026-08-04T09:31:40.002Z	Anchorage Digital	reachable
2026-08-04T09:31:40.002Z	OpenSea	reachable
2026-08-04T09:31:40.002Z	Mysten Labs (Sui)	reachable
2026-08-04T09:31:40.002Z	Blast	empty
2026-08-04T09:31:40.002Z	RemoteOK	reachable
2026-08-04T09:31:40.002Z	Remotive	reachable
2026-08-04T09:31:40.002Z	Himalayas	reachable
2026-08-04T09:31:40.002Z	WeWorkRemotely	reachable
2026-08-04T09:31:40.002Z	Working Nomads	reachable
2026-08-04T09:31:40.002Z	Jobicy	reachable
2026-08-04T09:31:40.002Z	Arbeitnow	reachable
2026-08-04T09:31:40.002Z	NoDesk	reachable
2026-08-04T09:31:40.002Z	Jobspresso	reachable
2026-08-04T09:31:40.002Z	Adzuna UK	unknown
2026-08-05T09:31:35.965Z	Perk	reachable
2026-08-05T09:31:35.965Z	Job&Talent	reachable
2026-08-05T09:31:35.965Z	Indra Sistemas	reachable
2026-08-05T09:31:35.965Z	Factorial	reachable
2026-08-05T09:31:35.965Z	Scopely	reachable
2026-08-05T09:31:35.965Z	Startale	reachable
2026-08-05T09:31:35.965Z	Aptos Labs	reachable
2026-08-05T09:31:35.965Z	OKX	reachable
2026-08-05T09:31:35.965Z	Uniswap Labs	slug_gone
2026-08-05T09:31:35.965Z	Blockchain.com	reachable
2026-08-05T09:31:35.965Z	Cosmos Labs	reachable
2026-08-05T09:31:35.965Z	BitGo	reachable
2026-08-05T09:31:35.965Z	Eclipse	reachable
2026-08-05T09:31:35.965Z	Bungie	reachable
2026-08-05T09:31:35.965Z	Twitch	reachable
2026-08-05T09:31:35.965Z	Hyphen Connect	reachable
2026-08-05T09:31:35.965Z	Remote	reachable
2026-08-05T09:31:35.965Z	VaynerMedia	reachable
2026-08-05T09:31:35.965Z	Smartling	reachable
2026-08-05T09:31:35.965Z	Later	reachable
2026-08-05T09:31:35.965Z	CoW DAO	reachable
2026-08-05T09:31:35.965Z	Solana Foundation	reachable
2026-08-05T09:31:35.965Z	Sky Mavis	reachable
2026-08-05T09:31:35.965Z	Sahara AI	reachable
2026-08-05T09:31:35.965Z	Ava Labs	reachable
2026-08-05T09:31:35.965Z	Trust Wallet	reachable
2026-08-05T09:31:35.965Z	Chainlink Labs	slug_gone
2026-08-05T09:31:35.965Z	OP Labs	reachable
2026-08-05T09:31:35.965Z	Monad Foundation	reachable
2026-08-05T09:31:35.965Z	Wormhole Foundation	reachable
2026-08-05T09:31:35.965Z	Caldera	slug_gone
2026-08-05T09:31:35.965Z	Hyperliquid Labs	reachable
2026-08-05T09:31:35.965Z	Polygon Labs	reachable
2026-08-05T09:31:35.965Z	Lido Finance	reachable
2026-08-05T09:31:35.965Z	Wincent	reachable
2026-08-05T09:31:35.965Z	YO Labs	reachable
2026-08-05T09:31:35.965Z	thatgamecompany	reachable
2026-08-05T09:31:35.965Z	Colonist	reachable
2026-08-05T09:31:35.965Z	LILT	slug_gone
2026-08-05T09:31:35.965Z	Larian Studios	reachable
2026-08-05T09:31:35.965Z	Binance	reachable
2026-08-05T09:31:35.965Z	Animoca Brands	reachable
2026-08-05T09:31:35.965Z	fun.xyz	reachable
2026-08-05T09:31:35.965Z	Token Metrics	slug_gone
2026-08-05T09:31:35.965Z	Nibiru	reachable
2026-08-05T09:31:35.965Z	Manta Network	slug_gone
2026-08-05T09:31:35.965Z	Offchain Labs	reachable
2026-08-05T09:31:35.965Z	Crypto.com	reachable
2026-08-05T09:31:35.965Z	Arbitrum Foundation	reachable
2026-08-05T09:31:35.965Z	CertiK	reachable
2026-08-05T09:31:35.965Z	Immutable	reachable
2026-08-05T09:31:35.965Z	Sei Labs	slug_gone
2026-08-05T09:31:35.965Z	Scroll	slug_gone
2026-08-05T09:31:35.965Z	Ultra	slug_gone
2026-08-05T09:31:35.965Z	Gate	reachable
2026-08-05T09:31:35.965Z	Polygon	slug_gone
2026-08-05T09:31:35.965Z	Serotonin	reachable
2026-08-05T09:31:35.965Z	IOVLabs	slug_gone
2026-08-05T09:31:35.965Z	Crypto Banter	reachable
2026-08-05T09:31:35.965Z	DAOs Hub	reachable
2026-08-05T09:31:35.965Z	Stronghold	slug_gone
2026-08-05T09:31:35.965Z	ChainGPT	reachable
2026-08-05T09:31:35.965Z	MLabs	empty
2026-08-05T09:31:35.965Z	Hike	empty
2026-08-05T09:31:35.965Z	IO Global	reachable
2026-08-05T09:31:35.965Z	MetaEngine	empty
2026-08-05T09:31:35.965Z	ThriveCoin	slug_gone
2026-08-05T09:31:35.965Z	ClayStack	empty
2026-08-05T09:31:35.965Z	ClubRare	empty
2026-08-05T09:31:35.965Z	Faraway	empty
2026-08-05T09:31:35.965Z	Bisonic	empty
2026-08-05T09:31:35.965Z	Ankr	slug_gone
2026-08-05T09:31:35.965Z	Bitcraft	empty
2026-08-05T09:31:35.965Z	Keywords Studios	empty
2026-08-05T09:31:35.965Z	Fast Break Labs	empty
2026-08-05T09:31:35.965Z	Coinbase	reachable
2026-08-05T09:31:35.965Z	Ripple	reachable
2026-08-05T09:31:35.965Z	MoonPay	slug_gone
2026-08-05T09:31:35.965Z	Near Foundation	reachable
2026-08-05T09:31:35.965Z	Filecoin Foundation	reachable
2026-08-05T09:31:35.965Z	Epic Games	reachable
2026-08-05T09:31:35.965Z	Riot Games	empty
2026-08-05T09:31:35.965Z	Circle.so (community platform)	reachable
2026-08-05T09:31:35.965Z	Kraken	reachable
2026-08-05T09:31:35.965Z	Anchorage Digital	reachable
2026-08-05T09:31:35.965Z	OpenSea	reachable
2026-08-05T09:31:35.965Z	Mysten Labs (Sui)	reachable
2026-08-05T09:31:35.965Z	Blast	empty
2026-08-05T09:31:35.965Z	RemoteOK	reachable
2026-08-05T09:31:35.965Z	Remotive	reachable
2026-08-05T09:31:35.965Z	Himalayas	reachable
2026-08-05T09:31:35.965Z	WeWorkRemotely	reachable
2026-08-05T09:31:35.965Z	Working Nomads	reachable
2026-08-05T09:31:35.965Z	Jobicy	reachable
2026-08-05T09:31:35.965Z	Arbeitnow	reachable
2026-08-05T09:31:35.965Z	NoDesk	reachable
2026-08-05T09:31:35.965Z	Jobspresso	reachable
2026-08-05T09:31:35.965Z	BuiltIn	reachable
2026-08-05T09:31:35.965Z	Adzuna UK	unknown
2026-08-06T09:31:44.045Z	Perk	reachable
2026-08-06T09:31:44.045Z	Job&Talent	reachable
2026-08-06T09:31:44.045Z	Indra Sistemas	reachable
2026-08-06T09:31:44.045Z	Factorial	reachable
2026-08-06T09:31:44.045Z	Scopely	reachable
2026-08-06T09:31:44.045Z	Startale	reachable
2026-08-06T09:31:44.045Z	Aptos Labs	reachable
2026-08-06T09:31:44.045Z	OKX	reachable
2026-08-06T09:31:44.045Z	Uniswap Labs	slug_gone
2026-08-06T09:31:44.045Z	Blockchain.com	reachable
2026-08-06T09:31:44.045Z	Cosmos Labs	reachable
2026-08-06T09:31:44.045Z	BitGo	reachable
2026-08-06T09:31:44.045Z	Eclipse	reachable
2026-08-06T09:31:44.045Z	Bungie	reachable
2026-08-06T09:31:44.045Z	Twitch	reachable
2026-08-06T09:31:44.045Z	Hyphen Connect	reachable
2026-08-06T09:31:44.045Z	Remote	reachable
2026-08-06T09:31:44.045Z	VaynerMedia	reachable
2026-08-06T09:31:44.045Z	Smartling	reachable
2026-08-06T09:31:44.045Z	Later	reachable
2026-08-06T09:31:44.045Z	CoW DAO	reachable
2026-08-06T09:31:44.045Z	Solana Foundation	reachable
2026-08-06T09:31:44.045Z	Sky Mavis	reachable
2026-08-06T09:31:44.045Z	Sahara AI	reachable
2026-08-06T09:31:44.045Z	Ava Labs	reachable
2026-08-06T09:31:44.045Z	Trust Wallet	reachable
2026-08-06T09:31:44.045Z	Chainlink Labs	slug_gone
2026-08-06T09:31:44.045Z	OP Labs	reachable
2026-08-06T09:31:44.045Z	Monad Foundation	reachable
2026-08-06T09:31:44.045Z	Wormhole Foundation	reachable
2026-08-06T09:31:44.045Z	Caldera	slug_gone
2026-08-06T09:31:44.045Z	Hyperliquid Labs	reachable
2026-08-06T09:31:44.045Z	Polygon Labs	reachable
2026-08-06T09:31:44.045Z	Lido Finance	reachable
2026-08-06T09:31:44.045Z	Wincent	reachable
2026-08-06T09:31:44.045Z	YO Labs	reachable
2026-08-06T09:31:44.045Z	thatgamecompany	reachable
2026-08-06T09:31:44.045Z	Colonist	reachable
2026-08-06T09:31:44.045Z	LILT	slug_gone
2026-08-06T09:31:44.045Z	Larian Studios	reachable
2026-08-06T09:31:44.045Z	Binance	reachable
2026-08-06T09:31:44.045Z	Animoca Brands	reachable
2026-08-06T09:31:44.045Z	fun.xyz	reachable
2026-08-06T09:31:44.045Z	Token Metrics	slug_gone
2026-08-06T09:31:44.045Z	Nibiru	reachable
2026-08-06T09:31:44.045Z	Manta Network	slug_gone
2026-08-06T09:31:44.045Z	Offchain Labs	reachable
2026-08-06T09:31:44.045Z	Crypto.com	reachable
2026-08-06T09:31:44.045Z	Arbitrum Foundation	reachable
2026-08-06T09:31:44.045Z	CertiK	reachable
2026-08-06T09:31:44.045Z	Immutable	reachable
2026-08-06T09:31:44.045Z	Sei Labs	slug_gone
2026-08-06T09:31:44.045Z	Scroll	slug_gone
2026-08-06T09:31:44.045Z	Ultra	slug_gone
2026-08-06T09:31:44.045Z	Gate	reachable
2026-08-06T09:31:44.045Z	Polygon	slug_gone
2026-08-06T09:31:44.045Z	Serotonin	reachable
2026-08-06T09:31:44.045Z	IOVLabs	slug_gone
2026-08-06T09:31:44.045Z	Crypto Banter	reachable
2026-08-06T09:31:44.045Z	DAOs Hub	reachable
2026-08-06T09:31:44.045Z	Stronghold	slug_gone
2026-08-06T09:31:44.045Z	ChainGPT	reachable
2026-08-06T09:31:44.045Z	MLabs	empty
2026-08-06T09:31:44.045Z	Hike	empty
2026-08-06T09:31:44.045Z	IO Global	reachable
2026-08-06T09:31:44.045Z	MetaEngine	empty
2026-08-06T09:31:44.045Z	ThriveCoin	slug_gone
2026-08-06T09:31:44.045Z	ClayStack	empty
2026-08-06T09:31:44.045Z	ClubRare	empty
2026-08-06T09:31:44.045Z	Faraway	empty
2026-08-06T09:31:44.045Z	Bisonic	empty
2026-08-06T09:31:44.045Z	Ankr	slug_gone
2026-08-06T09:31:44.045Z	Bitcraft	empty
2026-08-06T09:31:44.045Z	Keywords Studios	empty
2026-08-06T09:31:44.045Z	Fast Break Labs	empty
2026-08-06T09:31:44.045Z	Coinbase	reachable
2026-08-06T09:31:44.045Z	Ripple	reachable
2026-08-06T09:31:44.045Z	MoonPay	slug_gone
2026-08-06T09:31:44.045Z	Near Foundation	reachable
2026-08-06T09:31:44.045Z	Filecoin Foundation	reachable
2026-08-06T09:31:44.045Z	Epic Games	reachable
2026-08-06T09:31:44.045Z	Riot Games	empty
2026-08-06T09:31:44.045Z	Circle.so (community platform)	reachable
2026-08-06T09:31:44.045Z	Kraken	reachable
2026-08-06T09:31:44.045Z	Anchorage Digital	reachable
2026-08-06T09:31:44.045Z	OpenSea	reachable
2026-08-06T09:31:44.045Z	Mysten Labs (Sui)	reachable
2026-08-06T09:31:44.045Z	Blast	empty
2026-08-06T09:31:44.045Z	RemoteOK	reachable
2026-08-06T09:31:44.045Z	Remotive	reachable
2026-08-06T09:31:44.045Z	Himalayas	reachable
2026-08-06T09:31:44.045Z	WeWorkRemotely	reachable
2026-08-06T09:31:44.045Z	Working Nomads	reachable
2026-08-06T09:31:44.045Z	Jobicy	reachable
2026-08-06T09:31:44.045Z	Arbeitnow	reachable
2026-08-06T09:31:44.045Z	NoDesk	reachable
2026-08-06T09:31:44.045Z	Jobspresso	reachable
2026-08-06T09:31:44.045Z	BuiltIn	reachable
2026-08-06T09:31:44.045Z	Adzuna UK	unknown
2026-08-07T09:39:16.500Z	Perk	reachable
2026-08-07T09:39:16.500Z	Job&Talent	reachable
2026-08-07T09:39:16.500Z	Indra Sistemas	network
2026-08-07T09:39:16.500Z	Factorial	reachable
2026-08-07T09:39:16.500Z	Scopely	reachable
2026-08-07T09:39:16.500Z	Startale	reachable
2026-08-07T09:39:16.500Z	Aptos Labs	reachable
2026-08-07T09:39:16.500Z	OKX	reachable
2026-08-07T09:39:16.500Z	Uniswap Labs	slug_gone
2026-08-07T09:39:16.500Z	Blockchain.com	reachable
2026-08-07T09:39:16.500Z	Cosmos Labs	reachable
2026-08-07T09:39:16.500Z	BitGo	reachable
2026-08-07T09:39:16.500Z	Eclipse	reachable
2026-08-07T09:39:16.500Z	Bungie	reachable
2026-08-07T09:39:16.500Z	Twitch	reachable
2026-08-07T09:39:16.500Z	Hyphen Connect	reachable
2026-08-07T09:39:16.500Z	Remote	reachable
2026-08-07T09:39:16.500Z	VaynerMedia	reachable
2026-08-07T09:39:16.500Z	Smartling	reachable
2026-08-07T09:39:16.500Z	Later	reachable
2026-08-07T09:39:16.500Z	CoW DAO	reachable
2026-08-07T09:39:16.500Z	Solana Foundation	reachable
2026-08-07T09:39:16.500Z	Sky Mavis	reachable
2026-08-07T09:39:16.500Z	Sahara AI	reachable
2026-08-07T09:39:16.500Z	Ava Labs	reachable
2026-08-07T09:39:16.500Z	Trust Wallet	reachable
2026-08-07T09:39:16.500Z	Chainlink Labs	slug_gone
2026-08-07T09:39:16.500Z	OP Labs	reachable
2026-08-07T09:39:16.500Z	Monad Foundation	reachable
2026-08-07T09:39:16.500Z	Wormhole Foundation	reachable
2026-08-07T09:39:16.500Z	Caldera	slug_gone
2026-08-07T09:39:16.500Z	Hyperliquid Labs	reachable
2026-08-07T09:39:16.500Z	Polygon Labs	reachable
2026-08-07T09:39:16.500Z	Lido Finance	reachable
2026-08-07T09:39:16.500Z	Wincent	reachable
2026-08-07T09:39:16.500Z	YO Labs	reachable
2026-08-07T09:39:16.500Z	thatgamecompany	reachable
2026-08-07T09:39:16.500Z	Colonist	reachable
2026-08-07T09:39:16.500Z	LILT	slug_gone
2026-08-07T09:39:16.500Z	Larian Studios	reachable
2026-08-07T09:39:16.500Z	Binance	reachable
2026-08-07T09:39:16.500Z	Animoca Brands	reachable
2026-08-07T09:39:16.500Z	fun.xyz	reachable
2026-08-07T09:39:16.500Z	Token Metrics	slug_gone
2026-08-07T09:39:16.500Z	Nibiru	reachable
2026-08-07T09:39:16.500Z	Manta Network	slug_gone
2026-08-07T09:39:16.500Z	Offchain Labs	reachable
2026-08-07T09:39:16.500Z	Crypto.com	reachable
2026-08-07T09:39:16.500Z	Arbitrum Foundation	reachable
2026-08-07T09:39:16.500Z	CertiK	reachable
2026-08-07T09:39:16.500Z	Immutable	reachable
2026-08-07T09:39:16.500Z	Sei Labs	slug_gone
2026-08-07T09:39:16.500Z	Scroll	slug_gone
2026-08-07T09:39:16.500Z	Ultra	slug_gone
2026-08-07T09:39:16.500Z	Gate	reachable
2026-08-07T09:39:16.500Z	Polygon	slug_gone
2026-08-07T09:39:16.500Z	Serotonin	reachable
2026-08-07T09:39:16.500Z	IOVLabs	slug_gone
2026-08-07T09:39:16.500Z	Crypto Banter	reachable
2026-08-07T09:39:16.500Z	DAOs Hub	reachable
2026-08-07T09:39:16.500Z	Stronghold	slug_gone
2026-08-07T09:39:16.500Z	ChainGPT	reachable
2026-08-07T09:39:16.500Z	MLabs	empty
2026-08-07T09:39:16.500Z	Hike	empty
2026-08-07T09:39:16.500Z	IO Global	reachable
2026-08-07T09:39:16.500Z	MetaEngine	empty
2026-08-07T09:39:16.500Z	ThriveCoin	slug_gone
2026-08-07T09:39:16.500Z	ClayStack	empty
2026-08-07T09:39:16.500Z	ClubRare	empty
2026-08-07T09:39:16.500Z	Faraway	empty
2026-08-07T09:39:16.500Z	Bisonic	empty
2026-08-07T09:39:16.500Z	Ankr	slug_gone
2026-08-07T09:39:16.500Z	Bitcraft	empty
2026-08-07T09:39:16.500Z	Keywords Studios	empty
2026-08-07T09:39:16.500Z	Fast Break Labs	empty
2026-08-07T09:39:16.500Z	Coinbase	reachable
2026-08-07T09:39:16.500Z	Ripple	reachable
2026-08-07T09:39:16.500Z	MoonPay	slug_gone
2026-08-07T09:39:16.500Z	Near Foundation	reachable
2026-08-07T09:39:16.500Z	Filecoin Foundation	reachable
2026-08-07T09:39:16.500Z	Epic Games	reachable
2026-08-07T09:39:16.500Z	Riot Games	empty
2026-08-07T09:39:16.500Z	Circle.so (community platform)	reachable
2026-08-07T09:39:16.500Z	Kraken	reachable
2026-08-07T09:39:16.500Z	Anchorage Digital	reachable
2026-08-07T09:39:16.500Z	OpenSea	reachable
2026-08-07T09:39:16.500Z	Mysten Labs (Sui)	reachable
2026-08-07T09:39:16.500Z	Blast	empty
2026-08-07T09:39:16.500Z	RemoteOK	reachable
2026-08-07T09:39:16.500Z	Remotive	reachable
2026-08-07T09:39:16.500Z	Himalayas	reachable
2026-08-07T09:39:16.500Z	WeWorkRemotely	reachable
2026-08-07T09:39:16.500Z	Working Nomads	reachable
2026-08-07T09:39:16.500Z	Jobicy	reachable
2026-08-07T09:39:16.500Z	Arbeitnow	reachable
2026-08-07T09:39:16.500Z	NoDesk	reachable
2026-08-07T09:39:16.500Z	Jobspresso	reachable
2026-08-07T09:39:16.500Z	BuiltIn	reachable
2026-08-07T09:39:16.500Z	Adzuna UK	unknown
2026-08-08T07:05:53.399Z	Perk	reachable
2026-08-08T07:05:53.399Z	Job&Talent	reachable
2026-08-08T07:05:53.399Z	Indra Sistemas	reachable
2026-08-08T07:05:53.399Z	Factorial	reachable
2026-08-08T07:05:53.399Z	Scopely	reachable
2026-08-08T07:05:53.399Z	Startale	reachable
2026-08-08T07:05:53.399Z	Aptos Labs	reachable
2026-08-08T07:05:53.399Z	OKX	reachable
2026-08-08T07:05:53.399Z	Uniswap Labs	slug_gone
2026-08-08T07:05:53.399Z	Blockchain.com	reachable
2026-08-08T07:05:53.399Z	Cosmos Labs	reachable
2026-08-08T07:05:53.399Z	BitGo	reachable
2026-08-08T07:05:53.399Z	Eclipse	reachable
2026-08-08T07:05:53.399Z	Bungie	reachable
2026-08-08T07:05:53.399Z	Twitch	reachable
2026-08-08T07:05:53.399Z	Hyphen Connect	reachable
2026-08-08T07:05:53.399Z	Remote	reachable
2026-08-08T07:05:53.399Z	VaynerMedia	reachable
2026-08-08T07:05:53.399Z	Smartling	reachable
2026-08-08T07:05:53.399Z	Later	reachable
2026-08-08T07:05:53.399Z	CoW DAO	reachable
2026-08-08T07:05:53.399Z	Solana Foundation	reachable
2026-08-08T07:05:53.399Z	Sky Mavis	reachable
2026-08-08T07:05:53.399Z	Sahara AI	reachable
2026-08-08T07:05:53.399Z	Ava Labs	reachable
2026-08-08T07:05:53.399Z	Trust Wallet	reachable
2026-08-08T07:05:53.399Z	Chainlink Labs	slug_gone
2026-08-08T07:05:53.399Z	OP Labs	reachable
2026-08-08T07:05:53.399Z	Monad Foundation	reachable
2026-08-08T07:05:53.399Z	Wormhole Foundation	reachable
2026-08-08T07:05:53.399Z	Caldera	slug_gone
2026-08-08T07:05:53.399Z	Hyperliquid Labs	reachable
2026-08-08T07:05:53.399Z	Polygon Labs	reachable
2026-08-08T07:05:53.399Z	Lido Finance	reachable
2026-08-08T07:05:53.399Z	Wincent	reachable
2026-08-08T07:05:53.399Z	YO Labs	reachable
2026-08-08T07:05:53.399Z	thatgamecompany	reachable
2026-08-08T07:05:53.399Z	Colonist	reachable
2026-08-08T07:05:53.399Z	LILT	slug_gone
2026-08-08T07:05:53.399Z	Larian Studios	reachable
2026-08-08T07:05:53.399Z	Binance	reachable
2026-08-08T07:05:53.399Z	Animoca Brands	reachable
2026-08-08T07:05:53.399Z	fun.xyz	reachable
2026-08-08T07:05:53.399Z	Token Metrics	slug_gone
2026-08-08T07:05:53.399Z	Nibiru	reachable
2026-08-08T07:05:53.399Z	Manta Network	slug_gone
2026-08-08T07:05:53.399Z	Offchain Labs	reachable
2026-08-08T07:05:53.399Z	Crypto.com	reachable
2026-08-08T07:05:53.399Z	Arbitrum Foundation	reachable
2026-08-08T07:05:53.399Z	CertiK	reachable
2026-08-08T07:05:53.399Z	Immutable	reachable
2026-08-08T07:05:53.399Z	Sei Labs	slug_gone
2026-08-08T07:05:53.399Z	Scroll	slug_gone
2026-08-08T07:05:53.399Z	Ultra	slug_gone
2026-08-08T07:05:53.399Z	Gate	reachable
2026-08-08T07:05:53.399Z	Polygon	slug_gone
2026-08-08T07:05:53.399Z	Serotonin	reachable
2026-08-08T07:05:53.399Z	IOVLabs	slug_gone
2026-08-08T07:05:53.399Z	Crypto Banter	reachable
2026-08-08T07:05:53.399Z	DAOs Hub	reachable
2026-08-08T07:05:53.399Z	Stronghold	slug_gone
2026-08-08T07:05:53.399Z	ChainGPT	reachable
2026-08-08T07:05:53.399Z	MLabs	empty
2026-08-08T07:05:53.399Z	Hike	empty
2026-08-08T07:05:53.399Z	IO Global	reachable
2026-08-08T07:05:53.399Z	MetaEngine	empty
2026-08-08T07:05:53.399Z	ThriveCoin	slug_gone
2026-08-08T07:05:53.399Z	ClayStack	empty
2026-08-08T07:05:53.399Z	ClubRare	empty
2026-08-08T07:05:53.399Z	Faraway	empty
2026-08-08T07:05:53.399Z	Bisonic	empty
2026-08-08T07:05:53.399Z	Ankr	slug_gone
2026-08-08T07:05:53.399Z	Bitcraft	empty
2026-08-08T07:05:53.399Z	Keywords Studios	empty
2026-08-08T07:05:53.399Z	Fast Break Labs	empty
2026-08-08T07:05:53.399Z	Coinbase	reachable
2026-08-08T07:05:53.399Z	Ripple	reachable
2026-08-08T07:05:53.399Z	MoonPay	slug_gone
2026-08-08T07:05:53.399Z	Near Foundation	reachable
2026-08-08T07:05:53.399Z	Filecoin Foundation	reachable
2026-08-08T07:05:53.399Z	Epic Games	reachable
2026-08-08T07:05:53.399Z	Riot Games	empty
2026-08-08T07:05:53.399Z	Circle.so (community platform)	reachable
2026-08-08T07:05:53.399Z	Kraken	reachable
2026-08-08T07:05:53.399Z	Anchorage Digital	reachable
2026-08-08T07:05:53.399Z	OpenSea	reachable
2026-08-08T07:05:53.399Z	Mysten Labs (Sui)	reachable
2026-08-08T07:05:53.399Z	Blast	empty
2026-08-08T07:05:53.399Z	RemoteOK	reachable
2026-08-08T07:05:53.399Z	Remotive	reachable
2026-08-08T07:05:53.399Z	Himalayas	reachable
2026-08-08T07:05:53.399Z	WeWorkRemotely	reachable
2026-08-08T07:05:53.399Z	Working Nomads	reachable
2026-08-08T07:05:53.399Z	Jobicy	reachable
2026-08-08T07:05:53.399Z	Arbeitnow	reachable
2026-08-08T07:05:53.399Z	NoDesk	reachable
2026-08-08T07:05:53.399Z	Jobspresso	reachable
2026-08-08T07:05:53.399Z	BuiltIn	reachable
2026-08-08T07:05:53.399Z	Adzuna UK	unknown
2026-08-23T15:19:40.549Z	Perk	reachable
2026-08-23T15:19:40.549Z	Job&Talent	reachable
2026-08-23T15:19:40.549Z	Indra Sistemas	reachable
2026-08-23T15:19:40.549Z	Factorial	reachable
2026-08-23T15:19:40.549Z	Scopely	reachable
2026-08-23T15:19:40.549Z	Startale	reachable
2026-08-23T15:19:40.549Z	Aptos Labs	reachable
2026-08-23T15:19:40.549Z	OKX	reachable
2026-08-23T15:19:40.549Z	Uniswap Labs	slug_gone
2026-08-23T15:19:40.549Z	Blockchain.com	reachable
2026-08-23T15:19:40.549Z	Cosmos Labs	reachable
2026-08-23T15:19:40.549Z	BitGo	reachable
2026-08-23T15:19:40.549Z	Eclipse	reachable
2026-08-23T15:19:40.549Z	Bungie	reachable
2026-08-23T15:19:40.549Z	Twitch	reachable
2026-08-23T15:19:40.549Z	Hyphen Connect	reachable
2026-08-23T15:19:40.549Z	Remote	reachable
2026-08-23T15:19:40.549Z	VaynerMedia	reachable
2026-08-23T15:19:40.549Z	Smartling	reachable
2026-08-23T15:19:40.549Z	Later	reachable
2026-08-23T15:19:40.549Z	CoW DAO	reachable
2026-08-23T15:19:40.549Z	Solana Foundation	reachable
2026-08-23T15:19:40.549Z	Sky Mavis	reachable
2026-08-23T15:19:40.549Z	Sahara AI	reachable
2026-08-23T15:19:40.549Z	Ava Labs	reachable
2026-08-23T15:19:40.549Z	Trust Wallet	reachable
2026-08-23T15:19:40.549Z	Chainlink Labs	slug_gone
2026-08-23T15:19:40.549Z	OP Labs	reachable
2026-08-23T15:19:40.549Z	Monad Foundation	reachable
2026-08-23T15:19:40.549Z	Wormhole Foundation	reachable
2026-08-23T15:19:40.549Z	Caldera	slug_gone
2026-08-23T15:19:40.549Z	Hyperliquid Labs	reachable
2026-08-23T15:19:40.549Z	Polygon Labs	reachable
2026-08-23T15:19:40.549Z	Lido Finance	reachable
2026-08-23T15:19:40.549Z	Wincent	reachable
2026-08-23T15:19:40.549Z	YO Labs	reachable
2026-08-23T15:19:40.549Z	thatgamecompany	reachable
2026-08-23T15:19:40.549Z	Colonist	reachable
2026-08-23T15:19:40.549Z	LILT	slug_gone
2026-08-23T15:19:40.549Z	Larian Studios	reachable
2026-08-23T15:19:40.549Z	Binance	reachable
2026-08-23T15:19:40.549Z	Animoca Brands	reachable
2026-08-23T15:19:40.549Z	fun.xyz	reachable
2026-08-23T15:19:40.549Z	Token Metrics	slug_gone
2026-08-23T15:19:40.549Z	Nibiru	reachable
2026-08-23T15:19:40.549Z	Manta Network	slug_gone
2026-08-23T15:19:40.549Z	Offchain Labs	reachable
2026-08-23T15:19:40.549Z	Crypto.com	reachable
2026-08-23T15:19:40.549Z	Arbitrum Foundation	reachable
2026-08-23T15:19:40.549Z	CertiK	reachable
2026-08-23T15:19:40.549Z	Immutable	reachable
2026-08-23T15:19:40.549Z	Sei Labs	slug_gone
2026-08-23T15:19:40.549Z	Scroll	slug_gone
2026-08-23T15:19:40.549Z	Ultra	slug_gone
2026-08-23T15:19:40.549Z	Gate	reachable
2026-08-23T15:19:40.549Z	Polygon	slug_gone
2026-08-23T15:19:40.549Z	Serotonin	reachable
2026-08-23T15:19:40.549Z	IOVLabs	slug_gone
2026-08-23T15:19:40.549Z	Crypto Banter	reachable
2026-08-23T15:19:40.549Z	DAOs Hub	reachable
2026-08-23T15:19:40.549Z	Stronghold	slug_gone
2026-08-23T15:19:40.549Z	ChainGPT	reachable
2026-08-23T15:19:40.549Z	MLabs	reachable
2026-08-23T15:19:40.549Z	Hike	empty
2026-08-23T15:19:40.549Z	IO Global	reachable
2026-08-23T15:19:40.549Z	MetaEngine	empty
2026-08-23T15:19:40.549Z	ThriveCoin	slug_gone
2026-08-23T15:19:40.549Z	ClayStack	empty
2026-08-23T15:19:40.549Z	ClubRare	empty
2026-08-23T15:19:40.549Z	Faraway	empty
2026-08-23T15:19:40.549Z	Bisonic	empty
2026-08-23T15:19:40.549Z	Ankr	slug_gone
2026-08-23T15:19:40.549Z	Bitcraft	empty
2026-08-23T15:19:40.549Z	Keywords Studios	empty
2026-08-23T15:19:40.549Z	Fast Break Labs	empty
2026-08-23T15:19:40.549Z	Coinbase	reachable
2026-08-23T15:19:40.549Z	Ripple	reachable
2026-08-23T15:19:40.549Z	MoonPay	slug_gone
2026-08-23T15:19:40.549Z	Near Foundation	reachable
2026-08-23T15:19:40.549Z	Filecoin Foundation	reachable
2026-08-23T15:19:40.549Z	Epic Games	reachable
2026-08-23T15:19:40.549Z	Riot Games	empty
2026-08-23T15:19:40.549Z	Circle.so (community platform)	reachable
2026-08-23T15:19:40.549Z	Kraken	empty
2026-08-23T15:19:40.549Z	Anchorage Digital	reachable
2026-08-23T15:19:40.549Z	OpenSea	reachable
2026-08-23T15:19:40.549Z	Mysten Labs (Sui)	reachable
2026-08-23T15:19:40.549Z	Blast	empty
2026-08-23T15:19:40.549Z	RemoteOK	reachable
2026-08-23T15:19:40.549Z	Remotive	reachable
2026-08-23T15:19:40.549Z	Himalayas	reachable
2026-08-23T15:19:40.549Z	WeWorkRemotely	reachable
2026-08-23T15:19:40.549Z	Working Nomads	reachable
2026-08-23T15:19:40.549Z	Jobicy	reachable
2026-08-23T15:19:40.549Z	Arbeitnow	reachable
2026-08-23T15:19:40.549Z	NoDesk	reachable
2026-08-23T15:19:40.549Z	Jobspresso	reachable
2026-08-23T15:19:40.549Z	BuiltIn	reachable
2026-08-23T15:19:40.549Z	Adzuna UK	unknown
2026-08-24T10:12:10.449Z	Perk	reachable
2026-08-24T10:12:10.449Z	Job&Talent	reachable
2026-08-24T10:12:10.449Z	Indra Sistemas	reachable
2026-08-24T10:12:10.449Z	Factorial	reachable
2026-08-24T10:12:10.449Z	Scopely	reachable
2026-08-24T10:12:10.449Z	Startale	reachable
2026-08-24T10:12:10.449Z	Aptos Labs	reachable
2026-08-24T10:12:10.449Z	OKX	reachable
2026-08-24T10:12:10.449Z	Uniswap Labs	slug_gone
2026-08-24T10:12:10.449Z	Blockchain.com	reachable
2026-08-24T10:12:10.449Z	Cosmos Labs	reachable
2026-08-24T10:12:10.449Z	BitGo	reachable
2026-08-24T10:12:10.449Z	Eclipse	reachable
2026-08-24T10:12:10.449Z	Bungie	reachable
2026-08-24T10:12:10.449Z	Twitch	reachable
2026-08-24T10:12:10.449Z	Hyphen Connect	reachable
2026-08-24T10:12:10.449Z	Remote	reachable
2026-08-24T10:12:10.449Z	VaynerMedia	reachable
2026-08-24T10:12:10.449Z	Smartling	reachable
2026-08-24T10:12:10.449Z	Later	reachable
2026-08-24T10:12:10.449Z	CoW DAO	reachable
2026-08-24T10:12:10.449Z	Solana Foundation	reachable
2026-08-24T10:12:10.449Z	Sky Mavis	reachable
2026-08-24T10:12:10.449Z	Sahara AI	reachable
2026-08-24T10:12:10.449Z	Ava Labs	reachable
2026-08-24T10:12:10.449Z	Trust Wallet	reachable
2026-08-24T10:12:10.449Z	Chainlink Labs	slug_gone
2026-08-24T10:12:10.449Z	OP Labs	reachable
2026-08-24T10:12:10.449Z	Monad Foundation	reachable
2026-08-24T10:12:10.449Z	Wormhole Foundation	reachable
2026-08-24T10:12:10.449Z	Caldera	slug_gone
2026-08-24T10:12:10.449Z	Hyperliquid Labs	reachable
2026-08-24T10:12:10.449Z	Polygon Labs	reachable
2026-08-24T10:12:10.449Z	Lido Finance	reachable
2026-08-24T10:12:10.449Z	Wincent	reachable
2026-08-24T10:12:10.449Z	YO Labs	reachable
2026-08-24T10:12:10.449Z	thatgamecompany	reachable
2026-08-24T10:12:10.449Z	Colonist	reachable
2026-08-24T10:12:10.449Z	LILT	slug_gone
2026-08-24T10:12:10.449Z	Larian Studios	reachable
2026-08-24T10:12:10.449Z	Binance	reachable
2026-08-24T10:12:10.449Z	Animoca Brands	reachable
2026-08-24T10:12:10.449Z	fun.xyz	reachable
2026-08-24T10:12:10.449Z	Token Metrics	slug_gone
2026-08-24T10:12:10.449Z	Nibiru	reachable
2026-08-24T10:12:10.449Z	Manta Network	slug_gone
2026-08-24T10:12:10.449Z	Offchain Labs	reachable
2026-08-24T10:12:10.449Z	Crypto.com	reachable
2026-08-24T10:12:10.449Z	Arbitrum Foundation	reachable
2026-08-24T10:12:10.449Z	CertiK	reachable
2026-08-24T10:12:10.449Z	Immutable	reachable
2026-08-24T10:12:10.449Z	Sei Labs	slug_gone
2026-08-24T10:12:10.449Z	Scroll	slug_gone
2026-08-24T10:12:10.449Z	Ultra	slug_gone
2026-08-24T10:12:10.449Z	Gate	reachable
2026-08-24T10:12:10.449Z	Polygon	slug_gone
2026-08-24T10:12:10.449Z	Serotonin	reachable
2026-08-24T10:12:10.449Z	IOVLabs	slug_gone
2026-08-24T10:12:10.449Z	Crypto Banter	reachable
2026-08-24T10:12:10.449Z	DAOs Hub	reachable
2026-08-24T10:12:10.449Z	Stronghold	slug_gone
2026-08-24T10:12:10.449Z	ChainGPT	reachable
2026-08-24T10:12:10.449Z	MLabs	reachable
2026-08-24T10:12:10.449Z	Hike	empty
2026-08-24T10:12:10.449Z	IO Global	reachable
2026-08-24T10:12:10.449Z	MetaEngine	empty
2026-08-24T10:12:10.449Z	ThriveCoin	slug_gone
2026-08-24T10:12:10.449Z	ClayStack	empty
2026-08-24T10:12:10.449Z	ClubRare	empty
2026-08-24T10:12:10.449Z	Faraway	empty
2026-08-24T10:12:10.449Z	Bisonic	empty
2026-08-24T10:12:10.449Z	Ankr	slug_gone
2026-08-24T10:12:10.449Z	Bitcraft	empty
2026-08-24T10:12:10.449Z	Keywords Studios	empty
2026-08-24T10:12:10.449Z	Fast Break Labs	empty
2026-08-24T10:12:10.449Z	Coinbase	reachable
2026-08-24T10:12:10.449Z	Ripple	reachable
2026-08-24T10:12:10.449Z	MoonPay	slug_gone
2026-08-24T10:12:10.449Z	Near Foundation	reachable
2026-08-24T10:12:10.449Z	Filecoin Foundation	reachable
2026-08-24T10:12:10.449Z	Epic Games	reachable
2026-08-24T10:12:10.449Z	Riot Games	empty
2026-08-24T10:12:10.449Z	Circle.so (community platform)	reachable
2026-08-24T10:12:10.449Z	Kraken	empty
2026-08-24T10:12:10.449Z	Anchorage Digital	reachable
2026-08-24T10:12:10.449Z	OpenSea	reachable
2026-08-24T10:12:10.449Z	Mysten Labs (Sui)	reachable
2026-08-24T10:12:10.449Z	Blast	empty
2026-08-24T10:12:10.449Z	RemoteOK	reachable
2026-08-24T10:12:10.449Z	Remotive	reachable
2026-08-24T10:12:10.449Z	Himalayas	reachable
2026-08-24T10:12:10.449Z	WeWorkRemotely	reachable
2026-08-24T10:12:10.449Z	Working Nomads	reachable
2026-08-24T10:12:10.449Z	Jobicy	reachable
2026-08-24T10:12:10.449Z	Arbeitnow	reachable
2026-08-24T10:12:10.449Z	NoDesk	reachable
2026-08-24T10:12:10.449Z	Jobspresso	reachable
2026-08-24T10:12:10.449Z	BuiltIn	reachable
2026-08-24T10:12:10.449Z	Adzuna UK	unknown
2026-08-25T12:29:30.868Z	Perk	reachable
2026-08-25T12:29:30.868Z	Job&Talent	reachable
2026-08-25T12:29:30.868Z	Indra Sistemas	reachable
2026-08-25T12:29:30.868Z	Factorial	reachable
2026-08-25T12:29:30.868Z	Scopely	reachable
2026-08-25T12:29:30.868Z	Startale	reachable
2026-08-25T12:29:30.868Z	Aptos Labs	reachable
2026-08-25T12:29:30.868Z	OKX	reachable
2026-08-25T12:29:30.868Z	Uniswap Labs	slug_gone
2026-08-25T12:29:30.868Z	Blockchain.com	reachable
2026-08-25T12:29:30.868Z	Cosmos Labs	reachable
2026-08-25T12:29:30.868Z	BitGo	reachable
2026-08-25T12:29:30.868Z	Eclipse	reachable
2026-08-25T12:29:30.868Z	Bungie	reachable
2026-08-25T12:29:30.868Z	Twitch	reachable
2026-08-25T12:29:30.868Z	Hyphen Connect	reachable
2026-08-25T12:29:30.868Z	Remote	reachable
2026-08-25T12:29:30.868Z	VaynerMedia	reachable
2026-08-25T12:29:30.868Z	Smartling	reachable
2026-08-25T12:29:30.868Z	Later	network
2026-08-25T12:29:30.868Z	CoW DAO	reachable
2026-08-25T12:29:30.868Z	Solana Foundation	reachable
2026-08-25T12:29:30.868Z	Sky Mavis	reachable
2026-08-25T12:29:30.868Z	Sahara AI	reachable
2026-08-25T12:29:30.868Z	Ava Labs	reachable
2026-08-25T12:29:30.868Z	Trust Wallet	reachable
2026-08-25T12:29:30.868Z	Chainlink Labs	slug_gone
2026-08-25T12:29:30.868Z	OP Labs	reachable
2026-08-25T12:29:30.868Z	Monad Foundation	reachable
2026-08-25T12:29:30.868Z	Wormhole Foundation	reachable
2026-08-25T12:29:30.868Z	Caldera	slug_gone
2026-08-25T12:29:30.868Z	Hyperliquid Labs	reachable
2026-08-25T12:29:30.868Z	Polygon Labs	reachable
2026-08-25T12:29:30.868Z	Lido Finance	reachable
2026-08-25T12:29:30.868Z	Wincent	reachable
2026-08-25T12:29:30.868Z	YO Labs	reachable
2026-08-25T12:29:30.868Z	thatgamecompany	reachable
2026-08-25T12:29:30.868Z	Colonist	reachable
2026-08-25T12:29:30.868Z	LILT	slug_gone
2026-08-25T12:29:30.868Z	Larian Studios	reachable
2026-08-25T12:29:30.868Z	Binance	reachable
2026-08-25T12:29:30.868Z	Animoca Brands	reachable
2026-08-25T12:29:30.868Z	fun.xyz	reachable
2026-08-25T12:29:30.868Z	Token Metrics	slug_gone
2026-08-25T12:29:30.868Z	Nibiru	reachable
2026-08-25T12:29:30.868Z	Manta Network	slug_gone
2026-08-25T12:29:30.868Z	Offchain Labs	reachable
2026-08-25T12:29:30.868Z	Crypto.com	reachable
2026-08-25T12:29:30.868Z	Arbitrum Foundation	reachable
2026-08-25T12:29:30.868Z	CertiK	reachable
2026-08-25T12:29:30.868Z	Immutable	reachable
2026-08-25T12:29:30.868Z	Sei Labs	slug_gone
2026-08-25T12:29:30.868Z	Scroll	slug_gone
2026-08-25T12:29:30.868Z	Ultra	slug_gone
2026-08-25T12:29:30.868Z	Gate	reachable
2026-08-25T12:29:30.868Z	Polygon	slug_gone
2026-08-25T12:29:30.868Z	Serotonin	reachable
2026-08-25T12:29:30.868Z	IOVLabs	slug_gone
2026-08-25T12:29:30.868Z	Crypto Banter	reachable
2026-08-25T12:29:30.868Z	DAOs Hub	empty
2026-08-25T12:29:30.868Z	Stronghold	slug_gone
2026-08-25T12:29:30.868Z	ChainGPT	reachable
2026-08-25T12:29:30.868Z	MLabs	reachable
2026-08-25T12:29:30.868Z	Hike	empty
2026-08-25T12:29:30.868Z	IO Global	reachable
2026-08-25T12:29:30.868Z	MetaEngine	empty
2026-08-25T12:29:30.868Z	ThriveCoin	slug_gone
2026-08-25T12:29:30.868Z	ClayStack	empty
2026-08-25T12:29:30.868Z	ClubRare	empty
2026-08-25T12:29:30.868Z	Faraway	empty
2026-08-25T12:29:30.868Z	Bisonic	empty
2026-08-25T12:29:30.868Z	Ankr	slug_gone
2026-08-25T12:29:30.868Z	Bitcraft	empty
2026-08-25T12:29:30.868Z	Keywords Studios	empty
2026-08-25T12:29:30.868Z	Fast Break Labs	empty
2026-08-25T12:29:30.868Z	Coinbase	reachable
2026-08-25T12:29:30.868Z	Ripple	reachable
2026-08-25T12:29:30.868Z	MoonPay	slug_gone
2026-08-25T12:29:30.868Z	Near Foundation	reachable
2026-08-25T12:29:30.868Z	Filecoin Foundation	reachable
2026-08-25T12:29:30.868Z	Epic Games	reachable
2026-08-25T12:29:30.868Z	Riot Games	empty
2026-08-25T12:29:30.868Z	Circle.so (community platform)	reachable
2026-08-25T12:29:30.868Z	Kraken	empty
2026-08-25T12:29:30.868Z	Anchorage Digital	reachable
2026-08-25T12:29:30.868Z	OpenSea	reachable
2026-08-25T12:29:30.868Z	Mysten Labs (Sui)	reachable
2026-08-25T12:29:30.868Z	Blast	empty
2026-08-25T12:29:30.868Z	RemoteOK	reachable
2026-08-25T12:29:30.868Z	Remotive	reachable
2026-08-25T12:29:30.868Z	Himalayas	reachable
2026-08-25T12:29:30.868Z	WeWorkRemotely	reachable
2026-08-25T12:29:30.868Z	Working Nomads	reachable
2026-08-25T12:29:30.868Z	Jobicy	reachable
2026-08-25T12:29:30.868Z	Arbeitnow	reachable
2026-08-25T12:29:30.868Z	NoDesk	reachable
2026-08-25T12:29:30.868Z	Jobspresso	reachable
2026-08-25T12:29:30.868Z	BuiltIn	reachable
2026-08-25T12:29:30.868Z	Adzuna UK	unknown
2026-08-26T09:31:56.662Z	Perk	reachable
2026-08-26T09:31:56.662Z	Job&Talent	reachable
2026-08-26T09:31:56.662Z	Indra Sistemas	reachable
2026-08-26T09:31:56.662Z	Factorial	reachable
2026-08-26T09:31:56.662Z	Scopely	reachable
2026-08-26T09:31:56.662Z	Startale	reachable
2026-08-26T09:31:56.662Z	Aptos Labs	reachable
2026-08-26T09:31:56.662Z	OKX	reachable
2026-08-26T09:31:56.662Z	Uniswap Labs	slug_gone
2026-08-26T09:31:56.662Z	Blockchain.com	reachable
2026-08-26T09:31:56.662Z	Cosmos Labs	reachable
2026-08-26T09:31:56.662Z	BitGo	reachable
2026-08-26T09:31:56.662Z	Eclipse	reachable
2026-08-26T09:31:56.662Z	Bungie	reachable
2026-08-26T09:31:56.662Z	Twitch	reachable
2026-08-26T09:31:56.662Z	Hyphen Connect	reachable
2026-08-26T09:31:56.662Z	Remote	reachable
2026-08-26T09:31:56.662Z	VaynerMedia	reachable
2026-08-26T09:31:56.662Z	Smartling	reachable
2026-08-26T09:31:56.662Z	Later	reachable
2026-08-26T09:31:56.662Z	CoW DAO	reachable
2026-08-26T09:31:56.662Z	Solana Foundation	reachable
2026-08-26T09:31:56.662Z	Sky Mavis	reachable
2026-08-26T09:31:56.662Z	Sahara AI	reachable
2026-08-26T09:31:56.662Z	Ava Labs	reachable
2026-08-26T09:31:56.662Z	Trust Wallet	reachable
2026-08-26T09:31:56.662Z	Chainlink Labs	slug_gone
2026-08-26T09:31:56.662Z	OP Labs	reachable
2026-08-26T09:31:56.662Z	Monad Foundation	reachable
2026-08-26T09:31:56.662Z	Wormhole Foundation	reachable
2026-08-26T09:31:56.662Z	Caldera	slug_gone
2026-08-26T09:31:56.662Z	Hyperliquid Labs	reachable
2026-08-26T09:31:56.662Z	Polygon Labs	reachable
2026-08-26T09:31:56.662Z	Lido Finance	reachable
2026-08-26T09:31:56.662Z	Wincent	reachable
2026-08-26T09:31:56.662Z	YO Labs	reachable
2026-08-26T09:31:56.662Z	thatgamecompany	reachable
2026-08-26T09:31:56.662Z	Colonist	reachable
2026-08-26T09:31:56.662Z	LILT	slug_gone
2026-08-26T09:31:56.662Z	Larian Studios	reachable
2026-08-26T09:31:56.662Z	Binance	reachable
2026-08-26T09:31:56.662Z	Animoca Brands	reachable
2026-08-26T09:31:56.662Z	fun.xyz	reachable
2026-08-26T09:31:56.662Z	Token Metrics	slug_gone
2026-08-26T09:31:56.662Z	Nibiru	reachable
2026-08-26T09:31:56.662Z	Manta Network	slug_gone
2026-08-26T09:31:56.662Z	Offchain Labs	reachable
2026-08-26T09:31:56.662Z	Crypto.com	reachable
2026-08-26T09:31:56.662Z	Arbitrum Foundation	reachable
2026-08-26T09:31:56.662Z	CertiK	reachable
2026-08-26T09:31:56.662Z	Immutable	reachable
2026-08-26T09:31:56.662Z	Sei Labs	slug_gone
2026-08-26T09:31:56.662Z	Scroll	slug_gone
2026-08-26T09:31:56.662Z	Ultra	slug_gone
2026-08-26T09:31:56.662Z	Gate	reachable
2026-08-26T09:31:56.662Z	Polygon	slug_gone
2026-08-26T09:31:56.662Z	Serotonin	reachable
2026-08-26T09:31:56.662Z	IOVLabs	slug_gone
2026-08-26T09:31:56.662Z	Crypto Banter	reachable
2026-08-26T09:31:56.662Z	DAOs Hub	reachable
2026-08-26T09:31:56.662Z	Stronghold	slug_gone
2026-08-26T09:31:56.662Z	ChainGPT	reachable
2026-08-26T09:31:56.662Z	MLabs	reachable
2026-08-26T09:31:56.662Z	Hike	empty
2026-08-26T09:31:56.662Z	IO Global	reachable
2026-08-26T09:31:56.662Z	MetaEngine	empty
2026-08-26T09:31:56.662Z	ThriveCoin	slug_gone
2026-08-26T09:31:56.662Z	ClayStack	empty
2026-08-26T09:31:56.662Z	ClubRare	empty
2026-08-26T09:31:56.662Z	Faraway	empty
2026-08-26T09:31:56.662Z	Bisonic	empty
2026-08-26T09:31:56.662Z	Ankr	slug_gone
2026-08-26T09:31:56.662Z	Bitcraft	empty
2026-08-26T09:31:56.662Z	Keywords Studios	empty
2026-08-26T09:31:56.662Z	Fast Break Labs	empty
2026-08-26T09:31:56.662Z	Coinbase	reachable
2026-08-26T09:31:56.662Z	Ripple	reachable
2026-08-26T09:31:56.662Z	MoonPay	slug_gone
2026-08-26T09:31:56.662Z	Near Foundation	empty
2026-08-26T09:31:56.662Z	Filecoin Foundation	reachable
2026-08-26T09:31:56.662Z	Epic Games	reachable
2026-08-26T09:31:56.662Z	Riot Games	empty
2026-08-26T09:31:56.662Z	Circle.so (community platform)	reachable
2026-08-26T09:31:56.662Z	Kraken	empty
2026-08-26T09:31:56.662Z	Anchorage Digital	reachable
2026-08-26T09:31:56.662Z	OpenSea	reachable
2026-08-26T09:31:56.662Z	Mysten Labs (Sui)	reachable
2026-08-26T09:31:56.662Z	Blast	empty
2026-08-26T09:31:56.662Z	RemoteOK	reachable
2026-08-26T09:31:56.662Z	Remotive	reachable
2026-08-26T09:31:56.662Z	Himalayas	reachable
2026-08-26T09:31:56.662Z	WeWorkRemotely	reachable
2026-08-26T09:31:56.662Z	Working Nomads	reachable
2026-08-26T09:31:56.662Z	Jobicy	reachable
2026-08-26T09:31:56.662Z	Arbeitnow	reachable
2026-08-26T09:31:56.662Z	NoDesk	reachable
2026-08-26T09:31:56.662Z	Jobspresso	reachable
2026-08-26T09:31:56.662Z	BuiltIn	reachable
2026-08-26T09:31:56.662Z	Adzuna UK	unknown
2026-08-26T11:52:46.396Z	Perk	reachable
2026-08-26T11:52:46.396Z	Job&Talent	reachable
2026-08-26T11:52:46.396Z	Indra Sistemas	reachable
2026-08-26T11:52:46.396Z	Factorial	reachable
2026-08-26T11:52:46.396Z	Scopely	reachable
2026-08-26T11:52:46.396Z	Startale	reachable
2026-08-26T11:52:46.396Z	Aptos Labs	reachable
2026-08-26T11:52:46.396Z	OKX	reachable
2026-08-26T11:52:46.396Z	Uniswap Labs	slug_gone
2026-08-26T11:52:46.396Z	Blockchain.com	reachable
2026-08-26T11:52:46.396Z	Cosmos Labs	reachable
2026-08-26T11:52:46.396Z	BitGo	reachable
2026-08-26T11:52:46.396Z	Eclipse	reachable
2026-08-26T11:52:46.396Z	Bungie	reachable
2026-08-26T11:52:46.396Z	Twitch	reachable
2026-08-26T11:52:46.396Z	Hyphen Connect	reachable
2026-08-26T11:52:46.396Z	Remote	reachable
2026-08-26T11:52:46.396Z	VaynerMedia	reachable
2026-08-26T11:52:46.396Z	Smartling	reachable
2026-08-26T11:52:46.396Z	Later	reachable
2026-08-26T11:52:46.396Z	CoW DAO	reachable
2026-08-26T11:52:46.396Z	Solana Foundation	reachable
2026-08-26T11:52:46.396Z	Sky Mavis	reachable
2026-08-26T11:52:46.396Z	Sahara AI	reachable
2026-08-26T11:52:46.396Z	Ava Labs	reachable
2026-08-26T11:52:46.396Z	Trust Wallet	reachable
2026-08-26T11:52:46.396Z	Chainlink Labs	slug_gone
2026-08-26T11:52:46.396Z	OP Labs	reachable
2026-08-26T11:52:46.396Z	Monad Foundation	reachable
2026-08-26T11:52:46.396Z	Wormhole Foundation	reachable
2026-08-26T11:52:46.396Z	Caldera	slug_gone
2026-08-26T11:52:46.396Z	Hyperliquid Labs	reachable
2026-08-26T11:52:46.396Z	Polygon Labs	reachable
2026-08-26T11:52:46.396Z	Lido Finance	reachable
2026-08-26T11:52:46.396Z	Wincent	reachable
2026-08-26T11:52:46.396Z	YO Labs	reachable
2026-08-26T11:52:46.396Z	thatgamecompany	reachable
2026-08-26T11:52:46.396Z	Colonist	reachable
2026-08-26T11:52:46.396Z	LILT	slug_gone
2026-08-26T11:52:46.396Z	Larian Studios	reachable
2026-08-26T11:52:46.396Z	Binance	reachable
2026-08-26T11:52:46.396Z	Animoca Brands	reachable
2026-08-26T11:52:46.396Z	fun.xyz	reachable
2026-08-26T11:52:46.396Z	Token Metrics	slug_gone
2026-08-26T11:52:46.396Z	Nibiru	reachable
2026-08-26T11:52:46.396Z	Manta Network	slug_gone
2026-08-26T11:52:46.396Z	Offchain Labs	reachable
2026-08-26T11:52:46.396Z	Crypto.com	reachable
2026-08-26T11:52:46.396Z	Arbitrum Foundation	reachable
2026-08-26T11:52:46.396Z	CertiK	reachable
2026-08-26T11:52:46.396Z	Immutable	reachable
2026-08-26T11:52:46.396Z	Sei Labs	slug_gone
2026-08-26T11:52:46.396Z	Scroll	slug_gone
2026-08-26T11:52:46.396Z	Ultra	slug_gone
2026-08-26T11:52:46.396Z	Gate	reachable
2026-08-26T11:52:46.396Z	Polygon	slug_gone
2026-08-26T11:52:46.396Z	Serotonin	reachable
2026-08-26T11:52:46.396Z	IOVLabs	slug_gone
2026-08-26T11:52:46.396Z	Crypto Banter	reachable
2026-08-26T11:52:46.396Z	DAOs Hub	reachable
2026-08-26T11:52:46.396Z	Stronghold	slug_gone
2026-08-26T11:52:46.396Z	ChainGPT	reachable
2026-08-26T11:52:46.396Z	MLabs	reachable
2026-08-26T11:52:46.396Z	Hike	empty
2026-08-26T11:52:46.396Z	IO Global	reachable
2026-08-26T11:52:46.396Z	MetaEngine	empty
2026-08-26T11:52:46.396Z	ThriveCoin	slug_gone
2026-08-26T11:52:46.396Z	ClayStack	empty
2026-08-26T11:52:46.396Z	ClubRare	empty
2026-08-26T11:52:46.396Z	Faraway	empty
2026-08-26T11:52:46.396Z	Bisonic	empty
2026-08-26T11:52:46.396Z	Ankr	slug_gone
2026-08-26T11:52:46.396Z	Bitcraft	empty
2026-08-26T11:52:46.396Z	Keywords Studios	empty
2026-08-26T11:52:46.396Z	Fast Break Labs	empty
2026-08-26T11:52:46.396Z	Coinbase	reachable
2026-08-26T11:52:46.396Z	Ripple	reachable
2026-08-26T11:52:46.396Z	MoonPay	slug_gone
2026-08-26T11:52:46.396Z	Near Foundation	empty
2026-08-26T11:52:46.396Z	Filecoin Foundation	reachable
2026-08-26T11:52:46.396Z	Epic Games	reachable
2026-08-26T11:52:46.396Z	Riot Games	empty
2026-08-26T11:52:46.396Z	Circle.so (community platform)	reachable
2026-08-26T11:52:46.396Z	Kraken	empty
2026-08-26T11:52:46.396Z	Anchorage Digital	reachable
2026-08-26T11:52:46.396Z	OpenSea	reachable
2026-08-26T11:52:46.396Z	Mysten Labs (Sui)	reachable
2026-08-26T11:52:46.396Z	Blast	empty
2026-08-26T11:52:46.396Z	RemoteOK	reachable
2026-08-26T11:52:46.396Z	Remotive	reachable
2026-08-26T11:52:46.396Z	Himalayas	reachable
2026-08-26T11:52:46.396Z	WeWorkRemotely	reachable
2026-08-26T11:52:46.396Z	Working Nomads	reachable
2026-08-26T11:52:46.396Z	Jobicy	reachable
2026-08-26T11:52:46.396Z	Arbeitnow	reachable
2026-08-26T11:52:46.396Z	NoDesk	reachable
2026-08-26T11:52:46.396Z	Jobspresso	reachable
2026-08-26T11:52:46.396Z	BuiltIn	reachable
2026-08-26T11:52:46.396Z	Adzuna UK	unknown
2026-08-27T09:14:30.596Z	Perk	reachable
2026-08-27T09:14:30.596Z	Job&Talent	reachable
2026-08-27T09:14:30.596Z	Indra Sistemas	reachable
2026-08-27T09:14:30.596Z	Factorial	reachable
2026-08-27T09:14:30.596Z	Scopely	reachable
2026-08-27T09:14:30.596Z	Startale	reachable
2026-08-27T09:14:30.596Z	Aptos Labs	reachable
2026-08-27T09:14:30.596Z	OKX	reachable
2026-08-27T09:14:30.596Z	Uniswap Labs	slug_gone
2026-08-27T09:14:30.596Z	Blockchain.com	reachable
2026-08-27T09:14:30.596Z	Cosmos Labs	reachable
2026-08-27T09:14:30.596Z	BitGo	reachable
2026-08-27T09:14:30.596Z	Eclipse	reachable
2026-08-27T09:14:30.596Z	Bungie	reachable
2026-08-27T09:14:30.596Z	Twitch	reachable
2026-08-27T09:14:30.596Z	Hyphen Connect	reachable
2026-08-27T09:14:30.596Z	Remote	reachable
2026-08-27T09:14:30.596Z	VaynerMedia	reachable
2026-08-27T09:14:30.596Z	Smartling	reachable
2026-08-27T09:14:30.596Z	Later	reachable
2026-08-27T09:14:30.596Z	CoW DAO	reachable
2026-08-27T09:14:30.596Z	Solana Foundation	reachable
2026-08-27T09:14:30.596Z	Sky Mavis	reachable
2026-08-27T09:14:30.596Z	Sahara AI	reachable
2026-08-27T09:14:30.596Z	Ava Labs	reachable
2026-08-27T09:14:30.596Z	Trust Wallet	reachable
2026-08-27T09:14:30.596Z	Chainlink Labs	slug_gone
2026-08-27T09:14:30.596Z	OP Labs	reachable
2026-08-27T09:14:30.596Z	Monad Foundation	reachable
2026-08-27T09:14:30.596Z	Wormhole Foundation	reachable
2026-08-27T09:14:30.596Z	Caldera	slug_gone
2026-08-27T09:14:30.596Z	Hyperliquid Labs	reachable
2026-08-27T09:14:30.596Z	Polygon Labs	reachable
2026-08-27T09:14:30.596Z	Lido Finance	reachable
2026-08-27T09:14:30.596Z	Wincent	reachable
2026-08-27T09:14:30.596Z	YO Labs	reachable
2026-08-27T09:14:30.596Z	thatgamecompany	reachable
2026-08-27T09:14:30.596Z	Colonist	reachable
2026-08-27T09:14:30.596Z	LILT	slug_gone
2026-08-27T09:14:30.596Z	Larian Studios	reachable
2026-08-27T09:14:30.596Z	Binance	reachable
2026-08-27T09:14:30.596Z	Animoca Brands	reachable
2026-08-27T09:14:30.596Z	fun.xyz	reachable
2026-08-27T09:14:30.596Z	Token Metrics	slug_gone
2026-08-27T09:14:30.596Z	Nibiru	reachable
2026-08-27T09:14:30.596Z	Manta Network	slug_gone
2026-08-27T09:14:30.596Z	Offchain Labs	reachable
2026-08-27T09:14:30.596Z	Crypto.com	reachable
2026-08-27T09:14:30.596Z	Arbitrum Foundation	reachable
2026-08-27T09:14:30.596Z	CertiK	reachable
2026-08-27T09:14:30.596Z	Immutable	reachable
2026-08-27T09:14:30.596Z	Sei Labs	slug_gone
2026-08-27T09:14:30.596Z	Scroll	slug_gone
2026-08-27T09:14:30.596Z	Ultra	slug_gone
2026-08-27T09:14:30.596Z	Gate	reachable
2026-08-27T09:14:30.596Z	Polygon	slug_gone
2026-08-27T09:14:30.596Z	Serotonin	reachable
2026-08-27T09:14:30.596Z	IOVLabs	slug_gone
2026-08-27T09:14:30.596Z	Crypto Banter	reachable
2026-08-27T09:14:30.596Z	DAOs Hub	reachable
2026-08-27T09:14:30.596Z	Stronghold	slug_gone
2026-08-27T09:14:30.596Z	ChainGPT	reachable
2026-08-27T09:14:30.596Z	MLabs	reachable
2026-08-27T09:14:30.596Z	Hike	empty
2026-08-27T09:14:30.596Z	IO Global	reachable
2026-08-27T09:14:30.596Z	MetaEngine	empty
2026-08-27T09:14:30.596Z	ThriveCoin	slug_gone
2026-08-27T09:14:30.596Z	ClayStack	empty
2026-08-27T09:14:30.596Z	ClubRare	empty
2026-08-27T09:14:30.596Z	Faraway	empty
2026-08-27T09:14:30.596Z	Bisonic	empty
2026-08-27T09:14:30.596Z	Ankr	slug_gone
2026-08-27T09:14:30.596Z	Bitcraft	empty
2026-08-27T09:14:30.596Z	Keywords Studios	empty
2026-08-27T09:14:30.596Z	Fast Break Labs	empty
2026-08-27T09:14:30.596Z	Coinbase	reachable
2026-08-27T09:14:30.596Z	Ripple	reachable
2026-08-27T09:14:30.596Z	MoonPay	slug_gone
2026-08-27T09:14:30.596Z	Near Foundation	empty
2026-08-27T09:14:30.596Z	Filecoin Foundation	reachable
2026-08-27T09:14:30.596Z	Epic Games	reachable
2026-08-27T09:14:30.596Z	Riot Games	empty
2026-08-27T09:14:30.596Z	Circle.so (community platform)	reachable
2026-08-27T09:14:30.596Z	Kraken	empty
2026-08-27T09:14:30.596Z	Anchorage Digital	reachable
2026-08-27T09:14:30.596Z	OpenSea	reachable
2026-08-27T09:14:30.596Z	Mysten Labs (Sui)	reachable
2026-08-27T09:14:30.596Z	Blast	empty
2026-08-27T09:14:30.596Z	RemoteOK	reachable
2026-08-27T09:14:30.596Z	Remotive	reachable
2026-08-27T09:14:30.596Z	Himalayas	reachable
2026-08-27T09:14:30.596Z	WeWorkRemotely	reachable
2026-08-27T09:14:30.596Z	Working Nomads	reachable
2026-08-27T09:14:30.596Z	Jobicy	reachable
2026-08-27T09:14:30.596Z	Arbeitnow	reachable
2026-08-27T09:14:30.596Z	NoDesk	reachable
2026-08-27T09:14:30.596Z	Jobspresso	reachable
2026-08-27T09:14:30.596Z	BuiltIn	reachable
2026-08-27T09:14:30.596Z	Adzuna UK	unknown
2026-08-27T09:31:48.869Z	Perk	reachable
2026-08-27T09:31:48.869Z	Job&Talent	reachable
2026-08-27T09:31:48.869Z	Indra Sistemas	reachable
2026-08-27T09:31:48.869Z	Factorial	reachable
2026-08-27T09:31:48.869Z	Scopely	reachable
2026-08-27T09:31:48.869Z	Startale	reachable
2026-08-27T09:31:48.869Z	Aptos Labs	reachable
2026-08-27T09:31:48.869Z	OKX	reachable
2026-08-27T09:31:48.869Z	Uniswap Labs	slug_gone
2026-08-27T09:31:48.869Z	Blockchain.com	reachable
2026-08-27T09:31:48.869Z	Cosmos Labs	reachable
2026-08-27T09:31:48.869Z	BitGo	reachable
2026-08-27T09:31:48.869Z	Eclipse	reachable
2026-08-27T09:31:48.869Z	Bungie	reachable
2026-08-27T09:31:48.869Z	Twitch	reachable
2026-08-27T09:31:48.869Z	Hyphen Connect	reachable
2026-08-27T09:31:48.869Z	Remote	reachable
2026-08-27T09:31:48.869Z	VaynerMedia	reachable
2026-08-27T09:31:48.869Z	Smartling	reachable
2026-08-27T09:31:48.869Z	Later	reachable
2026-08-27T09:31:48.869Z	CoW DAO	reachable
2026-08-27T09:31:48.869Z	Solana Foundation	reachable
2026-08-27T09:31:48.869Z	Sky Mavis	reachable
2026-08-27T09:31:48.869Z	Sahara AI	reachable
2026-08-27T09:31:48.869Z	Ava Labs	reachable
2026-08-27T09:31:48.869Z	Trust Wallet	reachable
2026-08-27T09:31:48.869Z	Chainlink Labs	slug_gone
2026-08-27T09:31:48.869Z	OP Labs	reachable
2026-08-27T09:31:48.869Z	Monad Foundation	reachable
2026-08-27T09:31:48.869Z	Wormhole Foundation	reachable
2026-08-27T09:31:48.869Z	Caldera	slug_gone
2026-08-27T09:31:48.869Z	Hyperliquid Labs	reachable
2026-08-27T09:31:48.869Z	Polygon Labs	reachable
2026-08-27T09:31:48.869Z	Lido Finance	reachable
2026-08-27T09:31:48.869Z	Wincent	reachable
2026-08-27T09:31:48.869Z	YO Labs	reachable
2026-08-27T09:31:48.869Z	thatgamecompany	reachable
2026-08-27T09:31:48.869Z	Colonist	reachable
2026-08-27T09:31:48.869Z	LILT	slug_gone
2026-08-27T09:31:48.869Z	Larian Studios	reachable
2026-08-27T09:31:48.869Z	Binance	reachable
2026-08-27T09:31:48.869Z	Animoca Brands	reachable
2026-08-27T09:31:48.869Z	fun.xyz	reachable
2026-08-27T09:31:48.869Z	Token Metrics	slug_gone
2026-08-27T09:31:48.869Z	Nibiru	reachable
2026-08-27T09:31:48.869Z	Manta Network	slug_gone
2026-08-27T09:31:48.869Z	Offchain Labs	reachable
2026-08-27T09:31:48.869Z	Crypto.com	reachable
2026-08-27T09:31:48.869Z	Arbitrum Foundation	reachable
2026-08-27T09:31:48.869Z	CertiK	reachable
2026-08-27T09:31:48.869Z	Immutable	reachable
2026-08-27T09:31:48.869Z	Sei Labs	slug_gone
2026-08-27T09:31:48.869Z	Scroll	slug_gone
2026-08-27T09:31:48.869Z	Ultra	slug_gone
2026-08-27T09:31:48.869Z	Gate	reachable
2026-08-27T09:31:48.869Z	Polygon	slug_gone
2026-08-27T09:31:48.869Z	Serotonin	reachable
2026-08-27T09:31:48.869Z	IOVLabs	slug_gone
2026-08-27T09:31:48.869Z	Crypto Banter	reachable
2026-08-27T09:31:48.869Z	DAOs Hub	reachable
2026-08-27T09:31:48.869Z	Stronghold	slug_gone
2026-08-27T09:31:48.869Z	ChainGPT	reachable
2026-08-27T09:31:48.869Z	MLabs	reachable
2026-08-27T09:31:48.869Z	Hike	empty
2026-08-27T09:31:48.869Z	IO Global	reachable
2026-08-27T09:31:48.869Z	MetaEngine	empty
2026-08-27T09:31:48.869Z	ThriveCoin	slug_gone
2026-08-27T09:31:48.869Z	ClayStack	empty
2026-08-27T09:31:48.869Z	ClubRare	empty
2026-08-27T09:31:48.869Z	Faraway	empty
2026-08-27T09:31:48.869Z	Bisonic	empty
2026-08-27T09:31:48.869Z	Ankr	slug_gone
2026-08-27T09:31:48.869Z	Bitcraft	empty
2026-08-27T09:31:48.869Z	Keywords Studios	empty
2026-08-27T09:31:48.869Z	Fast Break Labs	empty
2026-08-27T09:31:48.869Z	Coinbase	reachable
2026-08-27T09:31:48.869Z	Ripple	reachable
2026-08-27T09:31:48.869Z	MoonPay	slug_gone
2026-08-27T09:31:48.869Z	Near Foundation	empty
2026-08-27T09:31:48.869Z	Filecoin Foundation	reachable
2026-08-27T09:31:48.869Z	Epic Games	reachable
2026-08-27T09:31:48.869Z	Riot Games	empty
2026-08-27T09:31:48.869Z	Circle.so (community platform)	reachable
2026-08-27T09:31:48.869Z	Kraken	empty
2026-08-27T09:31:48.869Z	Anchorage Digital	reachable
2026-08-27T09:31:48.869Z	OpenSea	reachable
2026-08-27T09:31:48.869Z	Mysten Labs (Sui)	reachable
2026-08-27T09:31:48.869Z	Blast	empty
2026-08-27T09:31:48.869Z	RemoteOK	reachable
2026-08-27T09:31:48.869Z	Remotive	reachable
2026-08-27T09:31:48.869Z	Himalayas	reachable
2026-08-27T09:31:48.869Z	WeWorkRemotely	reachable
2026-08-27T09:31:48.869Z	Working Nomads	reachable
2026-08-27T09:31:48.869Z	Jobicy	reachable
2026-08-27T09:31:48.869Z	Arbeitnow	reachable
2026-08-27T09:31:48.869Z	NoDesk	reachable
2026-08-27T09:31:48.869Z	Jobspresso	reachable
2026-08-27T09:31:48.869Z	BuiltIn	reachable
2026-08-27T09:31:48.869Z	Adzuna UK	unknown
2026-08-28T09:36:51.317Z	Perk	reachable
2026-08-28T09:36:51.317Z	Job&Talent	network
2026-08-28T09:36:51.317Z	Indra Sistemas	network
2026-08-28T09:36:51.317Z	Factorial	reachable
2026-08-28T09:36:51.317Z	Scopely	reachable
2026-08-28T09:36:51.317Z	Startale	reachable
2026-08-28T09:36:51.317Z	Aptos Labs	reachable
2026-08-28T09:36:51.317Z	OKX	reachable
2026-08-28T09:36:51.317Z	Uniswap Labs	slug_gone
2026-08-28T09:36:51.317Z	Blockchain.com	reachable
2026-08-28T09:36:51.317Z	Cosmos Labs	reachable
2026-08-28T09:36:51.317Z	BitGo	reachable
2026-08-28T09:36:51.317Z	Eclipse	reachable
2026-08-28T09:36:51.317Z	Bungie	reachable
2026-08-28T09:36:51.317Z	Twitch	reachable
2026-08-28T09:36:51.317Z	Hyphen Connect	reachable
2026-08-28T09:36:51.317Z	Remote	reachable
2026-08-28T09:36:51.317Z	VaynerMedia	reachable
2026-08-28T09:36:51.317Z	Smartling	reachable
2026-08-28T09:36:51.317Z	Later	reachable
2026-08-28T09:36:51.317Z	CoW DAO	reachable
2026-08-28T09:36:51.317Z	Solana Foundation	reachable
2026-08-28T09:36:51.317Z	Sky Mavis	reachable
2026-08-28T09:36:51.317Z	Sahara AI	reachable
2026-08-28T09:36:51.317Z	Ava Labs	reachable
2026-08-28T09:36:51.317Z	Trust Wallet	reachable
2026-08-28T09:36:51.317Z	OP Labs	reachable
2026-08-28T09:36:51.317Z	Monad Foundation	reachable
2026-08-28T09:36:51.317Z	Wormhole Foundation	reachable
2026-08-28T09:36:51.317Z	Hyperliquid Labs	reachable
2026-08-28T09:36:51.317Z	Polygon Labs	reachable
2026-08-28T09:36:51.317Z	Lido Finance	reachable
2026-08-28T09:36:51.317Z	Wincent	reachable
2026-08-28T09:36:51.317Z	YO Labs	reachable
2026-08-28T09:36:51.317Z	thatgamecompany	reachable
2026-08-28T09:36:51.317Z	Colonist	reachable
2026-08-28T09:36:51.317Z	Larian Studios	network
2026-08-28T09:36:51.317Z	Binance	network
2026-08-28T09:36:51.317Z	Animoca Brands	network
2026-08-28T09:36:51.317Z	fun.xyz	network
2026-08-28T09:36:51.317Z	Nibiru	network
2026-08-28T09:36:51.317Z	Offchain Labs	network
2026-08-28T09:36:51.317Z	Crypto.com	network
2026-08-28T09:36:51.317Z	Arbitrum Foundation	reachable
2026-08-28T09:36:51.317Z	CertiK	network
2026-08-28T09:36:51.317Z	Immutable	network
2026-08-28T09:36:51.317Z	Sei Labs	slug_gone
2026-08-28T09:36:51.317Z	Ultra	slug_gone
2026-08-28T09:36:51.317Z	Gate	network
2026-08-28T09:36:51.317Z	Serotonin	reachable
2026-08-28T09:36:51.317Z	Crypto Banter	network
2026-08-28T09:36:51.317Z	DAOs Hub	reachable
2026-08-28T09:36:51.317Z	Stronghold	slug_gone
2026-08-28T09:36:51.317Z	ChainGPT	reachable
2026-08-28T09:36:51.317Z	MLabs	reachable
2026-08-28T09:36:51.317Z	Hike	empty
2026-08-28T09:36:51.317Z	IO Global	reachable
2026-08-28T09:36:51.317Z	MetaEngine	empty
2026-08-28T09:36:51.317Z	ClayStack	empty
2026-08-28T09:36:51.317Z	ClubRare	empty
2026-08-28T09:36:51.317Z	Faraway	empty
2026-08-28T09:36:51.317Z	Bisonic	empty
2026-08-28T09:36:51.317Z	Bitcraft	empty
2026-08-28T09:36:51.317Z	Keywords Studios	empty
2026-08-28T09:36:51.317Z	Fast Break Labs	empty
2026-08-28T09:36:51.317Z	Coinbase	reachable
2026-08-28T09:36:51.317Z	Ripple	reachable
2026-08-28T09:36:51.317Z	MoonPay	slug_gone
2026-08-28T09:36:51.317Z	Near Foundation	empty
2026-08-28T09:36:51.317Z	Filecoin Foundation	reachable
2026-08-28T09:36:51.317Z	Epic Games	reachable
2026-08-28T09:36:51.317Z	Riot Games	empty
2026-08-28T09:36:51.317Z	Circle.so (community platform)	reachable
2026-08-28T09:36:51.317Z	Kraken	empty
2026-08-28T09:36:51.317Z	Anchorage Digital	network
2026-08-28T09:36:51.317Z	OpenSea	reachable
2026-08-28T09:36:51.317Z	Mysten Labs (Sui)	reachable
2026-08-28T09:36:51.317Z	Blast	empty
2026-08-28T09:36:51.317Z	RemoteOK	reachable
2026-08-28T09:36:51.317Z	Remotive	reachable
2026-08-28T09:36:51.317Z	Himalayas	reachable
2026-08-28T09:36:51.317Z	WeWorkRemotely	reachable
2026-08-28T09:36:51.317Z	Working Nomads	network
2026-08-28T09:36:51.317Z	Jobicy	reachable
2026-08-28T09:36:51.317Z	Arbeitnow	reachable
2026-08-28T09:36:51.317Z	NoDesk	reachable
2026-08-28T09:36:51.317Z	Jobspresso	reachable
2026-08-28T09:36:51.317Z	BuiltIn	reachable
2026-08-28T09:36:51.317Z	Adzuna UK	unknown
2026-08-30T09:22:36.020Z	Perk	reachable
2026-08-30T09:22:36.020Z	Job&Talent	reachable
2026-08-30T09:22:36.020Z	Indra Sistemas	reachable
2026-08-30T09:22:36.020Z	Factorial	reachable
2026-08-30T09:22:36.020Z	Scopely	reachable
2026-08-30T09:22:36.020Z	Startale	reachable
2026-08-30T09:22:36.020Z	Aptos Labs	reachable
2026-08-30T09:22:36.020Z	OKX	reachable
2026-08-30T09:22:36.020Z	Uniswap Labs	slug_gone
2026-08-30T09:22:36.020Z	Blockchain.com	reachable
2026-08-30T09:22:36.020Z	Cosmos Labs	reachable
2026-08-30T09:22:36.020Z	BitGo	reachable
2026-08-30T09:22:36.020Z	Eclipse	reachable
2026-08-30T09:22:36.020Z	Bungie	reachable
2026-08-30T09:22:36.020Z	Twitch	reachable
2026-08-30T09:22:36.020Z	Hyphen Connect	slug_gone
2026-08-30T09:22:36.020Z	Remote	reachable
2026-08-30T09:22:36.020Z	VaynerMedia	reachable
2026-08-30T09:22:36.020Z	Smartling	reachable
2026-08-30T09:22:36.020Z	Later	reachable
2026-08-30T09:22:36.020Z	CoW DAO	reachable
2026-08-30T09:22:36.020Z	Solana Foundation	reachable
2026-08-30T09:22:36.020Z	Sky Mavis	reachable
2026-08-30T09:22:36.020Z	Sahara AI	reachable
2026-08-30T09:22:36.020Z	Ava Labs	reachable
2026-08-30T09:22:36.020Z	Trust Wallet	reachable
2026-08-30T09:22:36.020Z	OP Labs	reachable
2026-08-30T09:22:36.020Z	Monad Foundation	reachable
2026-08-30T09:22:36.020Z	Wormhole Foundation	reachable
2026-08-30T09:22:36.020Z	Hyperliquid Labs	reachable
2026-08-30T09:22:36.020Z	Polygon Labs	reachable
2026-08-30T09:22:36.020Z	Lido Finance	reachable
2026-08-30T09:22:36.020Z	Wincent	reachable
2026-08-30T09:22:36.020Z	YO Labs	reachable
2026-08-30T09:22:36.020Z	thatgamecompany	reachable
2026-08-30T09:22:36.020Z	Colonist	reachable
2026-08-30T09:22:36.020Z	Larian Studios	reachable
2026-08-30T09:22:36.020Z	Binance	reachable
2026-08-30T09:22:36.020Z	Animoca Brands	reachable
2026-08-30T09:22:36.020Z	fun.xyz	reachable
2026-08-30T09:22:36.020Z	Nibiru	reachable
2026-08-30T09:22:36.020Z	Offchain Labs	reachable
2026-08-30T09:22:36.020Z	Crypto.com	reachable
2026-08-30T09:22:36.020Z	Arbitrum Foundation	reachable
2026-08-30T09:22:36.020Z	CertiK	reachable
2026-08-30T09:22:36.020Z	Immutable	reachable
2026-08-30T09:22:36.020Z	Sei Labs	network
2026-08-30T09:22:36.020Z	Ultra	slug_gone
2026-08-30T09:22:36.020Z	Gate	reachable
2026-08-30T09:22:36.020Z	Serotonin	reachable
2026-08-30T09:22:36.020Z	Crypto Banter	reachable
2026-08-30T09:22:36.020Z	DAOs Hub	reachable
2026-08-30T09:22:36.020Z	Stronghold	slug_gone
2026-08-30T09:22:36.020Z	ChainGPT	reachable
2026-08-30T09:22:36.020Z	MLabs	reachable
2026-08-30T09:22:36.020Z	Hike	empty
2026-08-30T09:22:36.020Z	IO Global	reachable
2026-08-30T09:22:36.020Z	MetaEngine	empty
2026-08-30T09:22:36.020Z	ClayStack	empty
2026-08-30T09:22:36.020Z	ClubRare	empty
2026-08-30T09:22:36.020Z	Faraway	empty
2026-08-30T09:22:36.020Z	Bisonic	empty
2026-08-30T09:22:36.020Z	Bitcraft	empty
2026-08-30T09:22:36.020Z	Keywords Studios	empty
2026-08-30T09:22:36.020Z	Fast Break Labs	empty
2026-08-30T09:22:36.020Z	Coinbase	reachable
2026-08-30T09:22:36.020Z	Ripple	reachable
2026-08-30T09:22:36.020Z	MoonPay	slug_gone
2026-08-30T09:22:36.020Z	Near Foundation	empty
2026-08-30T09:22:36.020Z	Filecoin Foundation	reachable
2026-08-30T09:22:36.020Z	Epic Games	reachable
2026-08-30T09:22:36.020Z	Riot Games	empty
2026-08-30T09:22:36.020Z	Circle.so (community platform)	slug_gone
2026-08-30T09:22:36.020Z	Kraken	empty
2026-08-30T09:22:36.020Z	Anchorage Digital	reachable
2026-08-30T09:22:36.020Z	OpenSea	reachable
2026-08-30T09:22:36.020Z	Mysten Labs (Sui)	reachable
2026-08-30T09:22:36.020Z	Blast	empty
2026-08-30T09:22:36.020Z	RemoteOK	reachable
2026-08-30T09:22:36.020Z	Remotive	reachable
2026-08-30T09:22:36.020Z	Himalayas	reachable
2026-08-30T09:22:36.020Z	WeWorkRemotely	reachable
2026-08-30T09:22:36.020Z	Working Nomads	reachable
2026-08-30T09:22:36.020Z	Jobicy	reachable
2026-08-30T09:22:36.020Z	Arbeitnow	reachable
2026-08-30T09:22:36.020Z	NoDesk	reachable
2026-08-30T09:22:36.020Z	Jobspresso	reachable
2026-08-30T09:22:36.020Z	BuiltIn	reachable
2026-08-30T09:22:36.020Z	Adzuna UK	unknown
2026-08-30T09:31:39.062Z	Perk	reachable
2026-08-30T09:31:39.062Z	Job&Talent	reachable
2026-08-30T09:31:39.062Z	Indra Sistemas	reachable
2026-08-30T09:31:39.062Z	Factorial	reachable
2026-08-30T09:31:39.062Z	Scopely	reachable
2026-08-30T09:31:39.062Z	Startale	reachable
2026-08-30T09:31:39.062Z	Aptos Labs	reachable
2026-08-30T09:31:39.062Z	OKX	reachable
2026-08-30T09:31:39.062Z	Uniswap Labs	slug_gone
2026-08-30T09:31:39.062Z	Blockchain.com	reachable
2026-08-30T09:31:39.062Z	Cosmos Labs	reachable
2026-08-30T09:31:39.062Z	BitGo	reachable
2026-08-30T09:31:39.062Z	Eclipse	reachable
2026-08-30T09:31:39.062Z	Bungie	reachable
2026-08-30T09:31:39.062Z	Twitch	reachable
2026-08-30T09:31:39.062Z	Hyphen Connect	slug_gone
2026-08-30T09:31:39.062Z	Remote	reachable
2026-08-30T09:31:39.062Z	VaynerMedia	reachable
2026-08-30T09:31:39.062Z	Smartling	reachable
2026-08-30T09:31:39.062Z	Later	reachable
2026-08-30T09:31:39.062Z	CoW DAO	reachable
2026-08-30T09:31:39.062Z	Solana Foundation	reachable
2026-08-30T09:31:39.062Z	Sky Mavis	reachable
2026-08-30T09:31:39.062Z	Sahara AI	reachable
2026-08-30T09:31:39.062Z	Ava Labs	reachable
2026-08-30T09:31:39.062Z	Trust Wallet	reachable
2026-08-30T09:31:39.062Z	OP Labs	reachable
2026-08-30T09:31:39.062Z	Monad Foundation	reachable
2026-08-30T09:31:39.062Z	Wormhole Foundation	reachable
2026-08-30T09:31:39.062Z	Hyperliquid Labs	reachable
2026-08-30T09:31:39.062Z	Polygon Labs	reachable
2026-08-30T09:31:39.062Z	Lido Finance	reachable
2026-08-30T09:31:39.062Z	Wincent	reachable
2026-08-30T09:31:39.062Z	YO Labs	reachable
2026-08-30T09:31:39.062Z	thatgamecompany	reachable
2026-08-30T09:31:39.062Z	Colonist	reachable
2026-08-30T09:31:39.062Z	Larian Studios	network
2026-08-30T09:31:39.062Z	Binance	reachable
2026-08-30T09:31:39.062Z	Animoca Brands	reachable
2026-08-30T09:31:39.062Z	fun.xyz	reachable
2026-08-30T09:31:39.062Z	Nibiru	reachable
2026-08-30T09:31:39.062Z	Offchain Labs	reachable
2026-08-30T09:31:39.062Z	Crypto.com	reachable
2026-08-30T09:31:39.062Z	Arbitrum Foundation	reachable
2026-08-30T09:31:39.062Z	CertiK	reachable
2026-08-30T09:31:39.062Z	Immutable	reachable
2026-08-30T09:31:39.062Z	Sei Labs	slug_gone
2026-08-30T09:31:39.062Z	Ultra	slug_gone
2026-08-30T09:31:39.062Z	Gate	reachable
2026-08-30T09:31:39.062Z	Serotonin	reachable
2026-08-30T09:31:39.062Z	Crypto Banter	reachable
2026-08-30T09:31:39.062Z	DAOs Hub	reachable
2026-08-30T09:31:39.062Z	Stronghold	slug_gone
2026-08-30T09:31:39.062Z	ChainGPT	reachable
2026-08-30T09:31:39.062Z	MLabs	reachable
2026-08-30T09:31:39.062Z	Hike	empty
2026-08-30T09:31:39.062Z	IO Global	reachable
2026-08-30T09:31:39.062Z	MetaEngine	empty
2026-08-30T09:31:39.062Z	ClayStack	empty
2026-08-30T09:31:39.062Z	ClubRare	empty
2026-08-30T09:31:39.062Z	Faraway	empty
2026-08-30T09:31:39.062Z	Bisonic	empty
2026-08-30T09:31:39.062Z	Bitcraft	empty
2026-08-30T09:31:39.062Z	Keywords Studios	empty
2026-08-30T09:31:39.062Z	Fast Break Labs	empty
2026-08-30T09:31:39.062Z	Coinbase	reachable
2026-08-30T09:31:39.062Z	Ripple	reachable
2026-08-30T09:31:39.062Z	MoonPay	slug_gone
2026-08-30T09:31:39.062Z	Near Foundation	empty
2026-08-30T09:31:39.062Z	Filecoin Foundation	reachable
2026-08-30T09:31:39.062Z	Epic Games	reachable
2026-08-30T09:31:39.062Z	Riot Games	empty
2026-08-30T09:31:39.062Z	Circle.so (community platform)	slug_gone
2026-08-30T09:31:39.062Z	Kraken	empty
2026-08-30T09:31:39.062Z	Anchorage Digital	reachable
2026-08-30T09:31:39.062Z	OpenSea	reachable
2026-08-30T09:31:39.062Z	Mysten Labs (Sui)	reachable
2026-08-30T09:31:39.062Z	Blast	empty
2026-08-30T09:31:39.062Z	RemoteOK	reachable
2026-08-30T09:31:39.062Z	Remotive	reachable
2026-08-30T09:31:39.062Z	Himalayas	reachable
2026-08-30T09:31:39.062Z	WeWorkRemotely	reachable
2026-08-30T09:31:39.062Z	Working Nomads	reachable
2026-08-30T09:31:39.062Z	Jobicy	reachable
2026-08-30T09:31:39.062Z	Arbeitnow	reachable
2026-08-30T09:31:39.062Z	NoDesk	reachable
2026-08-30T09:31:39.062Z	Jobspresso	reachable
2026-08-30T09:31:39.062Z	BuiltIn	reachable
2026-08-30T09:31:39.062Z	Adzuna UK	unknown
2026-08-31T09:31:38.678Z	Perk	reachable
2026-08-31T09:31:38.678Z	Job&Talent	reachable
2026-08-31T09:31:38.678Z	Indra Sistemas	reachable
2026-08-31T09:31:38.678Z	Factorial	reachable
2026-08-31T09:31:38.678Z	Scopely	reachable
2026-08-31T09:31:38.678Z	Startale	reachable
2026-08-31T09:31:38.678Z	Aptos Labs	reachable
2026-08-31T09:31:38.678Z	OKX	reachable
2026-08-31T09:31:38.678Z	Uniswap Labs	slug_gone
2026-08-31T09:31:38.678Z	Blockchain.com	reachable
2026-08-31T09:31:38.678Z	Cosmos Labs	reachable
2026-08-31T09:31:38.678Z	BitGo	reachable
2026-08-31T09:31:38.678Z	Eclipse	reachable
2026-08-31T09:31:38.678Z	Bungie	reachable
2026-08-31T09:31:38.678Z	Twitch	reachable
2026-08-31T09:31:38.678Z	Hyphen Connect	slug_gone
2026-08-31T09:31:38.678Z	Remote	reachable
2026-08-31T09:31:38.678Z	VaynerMedia	reachable
2026-08-31T09:31:38.678Z	Smartling	reachable
2026-08-31T09:31:38.678Z	Later	reachable
2026-08-31T09:31:38.678Z	CoW DAO	reachable
2026-08-31T09:31:38.678Z	Solana Foundation	reachable
2026-08-31T09:31:38.678Z	Sky Mavis	reachable
2026-08-31T09:31:38.678Z	Sahara AI	reachable
2026-08-31T09:31:38.678Z	Ava Labs	reachable
2026-08-31T09:31:38.678Z	Trust Wallet	reachable
2026-08-31T09:31:38.678Z	OP Labs	reachable
2026-08-31T09:31:38.678Z	Monad Foundation	reachable
2026-08-31T09:31:38.678Z	Wormhole Foundation	reachable
2026-08-31T09:31:38.678Z	Hyperliquid Labs	reachable
2026-08-31T09:31:38.678Z	Polygon Labs	reachable
2026-08-31T09:31:38.678Z	Lido Finance	reachable
2026-08-31T09:31:38.678Z	Wincent	reachable
2026-08-31T09:31:38.678Z	YO Labs	reachable
2026-08-31T09:31:38.678Z	thatgamecompany	reachable
2026-08-31T09:31:38.678Z	Colonist	reachable
2026-08-31T09:31:38.678Z	Larian Studios	reachable
2026-08-31T09:31:38.678Z	Binance	reachable
2026-08-31T09:31:38.678Z	Animoca Brands	reachable
2026-08-31T09:31:38.678Z	fun.xyz	reachable
2026-08-31T09:31:38.678Z	Nibiru	reachable
2026-08-31T09:31:38.678Z	Offchain Labs	reachable
2026-08-31T09:31:38.678Z	Crypto.com	reachable
2026-08-31T09:31:38.678Z	Arbitrum Foundation	reachable
2026-08-31T09:31:38.678Z	CertiK	reachable
2026-08-31T09:31:38.678Z	Immutable	reachable
2026-08-31T09:31:38.678Z	Sei Labs	slug_gone
2026-08-31T09:31:38.678Z	Ultra	slug_gone
2026-08-31T09:31:38.678Z	Gate	reachable
2026-08-31T09:31:38.678Z	Serotonin	reachable
2026-08-31T09:31:38.678Z	Crypto Banter	reachable
2026-08-31T09:31:38.678Z	DAOs Hub	reachable
2026-08-31T09:31:38.678Z	Stronghold	slug_gone
2026-08-31T09:31:38.678Z	ChainGPT	reachable
2026-08-31T09:31:38.678Z	MLabs	reachable
2026-08-31T09:31:38.678Z	Hike	empty
2026-08-31T09:31:38.678Z	IO Global	reachable
2026-08-31T09:31:38.678Z	MetaEngine	empty
2026-08-31T09:31:38.678Z	ClayStack	empty
2026-08-31T09:31:38.678Z	ClubRare	empty
2026-08-31T09:31:38.678Z	Faraway	empty
2026-08-31T09:31:38.678Z	Bisonic	empty
2026-08-31T09:31:38.678Z	Bitcraft	empty
2026-08-31T09:31:38.678Z	Keywords Studios	empty
2026-08-31T09:31:38.678Z	Fast Break Labs	empty
2026-08-31T09:31:38.678Z	Coinbase	reachable
2026-08-31T09:31:38.678Z	Ripple	reachable
2026-08-31T09:31:38.678Z	MoonPay	slug_gone
2026-08-31T09:31:38.678Z	Near Foundation	empty
2026-08-31T09:31:38.678Z	Filecoin Foundation	reachable
2026-08-31T09:31:38.678Z	Epic Games	reachable
2026-08-31T09:31:38.678Z	Riot Games	empty
2026-08-31T09:31:38.678Z	Circle.so (community platform)	slug_gone
2026-08-31T09:31:38.678Z	Kraken	empty
2026-08-31T09:31:38.678Z	Anchorage Digital	reachable
2026-08-31T09:31:38.678Z	OpenSea	reachable
2026-08-31T09:31:38.678Z	Mysten Labs (Sui)	reachable
2026-08-31T09:31:38.678Z	Blast	empty
2026-08-31T09:31:38.678Z	RemoteOK	reachable
2026-08-31T09:31:38.678Z	Remotive	reachable
2026-08-31T09:31:38.678Z	Himalayas	reachable
2026-08-31T09:31:38.678Z	WeWorkRemotely	reachable
2026-08-31T09:31:38.678Z	Working Nomads	reachable
2026-08-31T09:31:38.678Z	Jobicy	reachable
2026-08-31T09:31:38.678Z	Arbeitnow	reachable
2026-08-31T09:31:38.678Z	NoDesk	reachable
2026-08-31T09:31:38.678Z	Jobspresso	reachable
2026-08-31T09:31:38.678Z	BuiltIn	reachable
2026-08-31T09:31:38.678Z	Adzuna UK	unknown
2026-09-01T09:31:41.363Z	Perk	reachable
2026-09-01T09:31:41.363Z	Job&Talent	reachable
2026-09-01T09:31:41.363Z	Indra Sistemas	reachable
2026-09-01T09:31:41.363Z	Factorial	reachable
2026-09-01T09:31:41.363Z	Scopely	reachable
2026-09-01T09:31:41.363Z	Startale	reachable
2026-09-01T09:31:41.363Z	Aptos Labs	reachable
2026-09-01T09:31:41.363Z	OKX	reachable
2026-09-01T09:31:41.363Z	Uniswap Labs	slug_gone
2026-09-01T09:31:41.363Z	Blockchain.com	reachable
2026-09-01T09:31:41.363Z	Cosmos Labs	reachable
2026-09-01T09:31:41.363Z	BitGo	reachable
2026-09-01T09:31:41.363Z	Eclipse	reachable
2026-09-01T09:31:41.363Z	Bungie	reachable
2026-09-01T09:31:41.363Z	Twitch	reachable
2026-09-01T09:31:41.363Z	Hyphen Connect	slug_gone
2026-09-01T09:31:41.363Z	Remote	reachable
2026-09-01T09:31:41.363Z	VaynerMedia	reachable
2026-09-01T09:31:41.363Z	Smartling	reachable
2026-09-01T09:31:41.363Z	Later	reachable
2026-09-01T09:31:41.363Z	CoW DAO	reachable
2026-09-01T09:31:41.363Z	Solana Foundation	reachable
2026-09-01T09:31:41.363Z	Sky Mavis	reachable
2026-09-01T09:31:41.363Z	Sahara AI	reachable
2026-09-01T09:31:41.363Z	Ava Labs	reachable
2026-09-01T09:31:41.363Z	Trust Wallet	reachable
2026-09-01T09:31:41.363Z	OP Labs	reachable
2026-09-01T09:31:41.363Z	Monad Foundation	reachable
2026-09-01T09:31:41.363Z	Wormhole Foundation	reachable
2026-09-01T09:31:41.363Z	Hyperliquid Labs	reachable
2026-09-01T09:31:41.363Z	Polygon Labs	reachable
2026-09-01T09:31:41.363Z	Lido Finance	reachable
2026-09-01T09:31:41.363Z	Wincent	reachable
2026-09-01T09:31:41.363Z	YO Labs	reachable
2026-09-01T09:31:41.363Z	thatgamecompany	reachable
2026-09-01T09:31:41.363Z	Colonist	reachable
2026-09-01T09:31:41.363Z	Larian Studios	reachable
2026-09-01T09:31:41.363Z	Binance	reachable
2026-09-01T09:31:41.363Z	Animoca Brands	reachable
2026-09-01T09:31:41.363Z	fun.xyz	reachable
2026-09-01T09:31:41.363Z	Nibiru	reachable
2026-09-01T09:31:41.363Z	Offchain Labs	reachable
2026-09-01T09:31:41.363Z	Crypto.com	reachable
2026-09-01T09:31:41.363Z	Arbitrum Foundation	reachable
2026-09-01T09:31:41.363Z	CertiK	reachable
2026-09-01T09:31:41.363Z	Immutable	reachable
2026-09-01T09:31:41.363Z	Sei Labs	slug_gone
2026-09-01T09:31:41.363Z	Ultra	slug_gone
2026-09-01T09:31:41.363Z	Gate	reachable
2026-09-01T09:31:41.363Z	Serotonin	reachable
2026-09-01T09:31:41.363Z	Crypto Banter	reachable
2026-09-01T09:31:41.363Z	DAOs Hub	reachable
2026-09-01T09:31:41.363Z	Stronghold	slug_gone
2026-09-01T09:31:41.363Z	ChainGPT	reachable
2026-09-01T09:31:41.363Z	MLabs	reachable
2026-09-01T09:31:41.363Z	Hike	empty
2026-09-01T09:31:41.363Z	IO Global	reachable
2026-09-01T09:31:41.363Z	MetaEngine	empty
2026-09-01T09:31:41.363Z	ClayStack	empty
2026-09-01T09:31:41.363Z	ClubRare	empty
2026-09-01T09:31:41.363Z	Faraway	empty
2026-09-01T09:31:41.363Z	Bisonic	empty
2026-09-01T09:31:41.363Z	Bitcraft	empty
2026-09-01T09:31:41.363Z	Keywords Studios	empty
2026-09-01T09:31:41.363Z	Fast Break Labs	empty
2026-09-01T09:31:41.363Z	Coinbase	reachable
2026-09-01T09:31:41.363Z	Ripple	reachable
2026-09-01T09:31:41.363Z	MoonPay	slug_gone
2026-09-01T09:31:41.363Z	Near Foundation	empty
2026-09-01T09:31:41.363Z	Filecoin Foundation	reachable
2026-09-01T09:31:41.363Z	Epic Games	reachable
2026-09-01T09:31:41.363Z	Riot Games	empty
2026-09-01T09:31:41.363Z	Circle.so (community platform)	slug_gone
2026-09-01T09:31:41.363Z	Kraken	empty
2026-09-01T09:31:41.363Z	Anchorage Digital	reachable
2026-09-01T09:31:41.363Z	OpenSea	reachable
2026-09-01T09:31:41.363Z	Mysten Labs (Sui)	reachable
2026-09-01T09:31:41.363Z	Blast	empty
2026-09-01T09:31:41.363Z	EU Remote Jobs	auth
2026-09-01T09:31:41.363Z	RemoteOK	reachable
2026-09-01T09:31:41.363Z	Remotive	reachable
2026-09-01T09:31:41.363Z	Himalayas	reachable
2026-09-01T09:31:41.363Z	WeWorkRemotely	reachable
2026-09-01T09:31:41.363Z	Working Nomads	reachable
2026-09-01T09:31:41.363Z	Jobicy	reachable
2026-09-01T09:31:41.363Z	Arbeitnow	reachable
2026-09-01T09:31:41.363Z	NoDesk	reachable
2026-09-01T09:31:41.363Z	Jobspresso	reachable
2026-09-01T09:31:41.363Z	BuiltIn	reachable
2026-09-01T09:31:41.363Z	Adzuna UK	unknown
2026-09-02T09:31:41.232Z	Perk	reachable
2026-09-02T09:31:41.232Z	Job&Talent	reachable
2026-09-02T09:31:41.232Z	Indra Sistemas	network
2026-09-02T09:31:41.232Z	Factorial	reachable
2026-09-02T09:31:41.232Z	Scopely	reachable
2026-09-02T09:31:41.232Z	Startale	reachable
2026-09-02T09:31:41.232Z	Aptos Labs	reachable
2026-09-02T09:31:41.232Z	OKX	reachable
2026-09-02T09:31:41.232Z	Uniswap Labs	slug_gone
2026-09-02T09:31:41.232Z	Blockchain.com	reachable
2026-09-02T09:31:41.232Z	Cosmos Labs	reachable
2026-09-02T09:31:41.232Z	BitGo	reachable
2026-09-02T09:31:41.232Z	Eclipse	reachable
2026-09-02T09:31:41.232Z	Bungie	reachable
2026-09-02T09:31:41.232Z	Twitch	reachable
2026-09-02T09:31:41.232Z	Hyphen Connect	slug_gone
2026-09-02T09:31:41.232Z	Remote	reachable
2026-09-02T09:31:41.232Z	VaynerMedia	reachable
2026-09-02T09:31:41.232Z	Smartling	reachable
2026-09-02T09:31:41.232Z	Later	reachable
2026-09-02T09:31:41.232Z	CoW DAO	reachable
2026-09-02T09:31:41.232Z	Solana Foundation	reachable
2026-09-02T09:31:41.232Z	Sky Mavis	reachable
2026-09-02T09:31:41.232Z	Sahara AI	reachable
2026-09-02T09:31:41.232Z	Ava Labs	reachable
2026-09-02T09:31:41.232Z	Trust Wallet	reachable
2026-09-02T09:31:41.232Z	OP Labs	reachable
2026-09-02T09:31:41.232Z	Monad Foundation	reachable
2026-09-02T09:31:41.232Z	Wormhole Foundation	reachable
2026-09-02T09:31:41.232Z	Hyperliquid Labs	reachable
2026-09-02T09:31:41.232Z	Polygon Labs	reachable
2026-09-02T09:31:41.232Z	Lido Finance	reachable
2026-09-02T09:31:41.232Z	Wincent	reachable
2026-09-02T09:31:41.232Z	YO Labs	reachable
2026-09-02T09:31:41.232Z	thatgamecompany	reachable
2026-09-02T09:31:41.232Z	Colonist	reachable
2026-09-02T09:31:41.232Z	Larian Studios	reachable
2026-09-02T09:31:41.232Z	Binance	reachable
2026-09-02T09:31:41.232Z	Animoca Brands	reachable
2026-09-02T09:31:41.232Z	fun.xyz	reachable
2026-09-02T09:31:41.232Z	Nibiru	reachable
2026-09-02T09:31:41.232Z	Offchain Labs	reachable
2026-09-02T09:31:41.232Z	Crypto.com	reachable
2026-09-02T09:31:41.232Z	Arbitrum Foundation	reachable
2026-09-02T09:31:41.232Z	CertiK	reachable
2026-09-02T09:31:41.232Z	Immutable	reachable
2026-09-02T09:31:41.232Z	Sei Labs	slug_gone
2026-09-02T09:31:41.232Z	Ultra	slug_gone
2026-09-02T09:31:41.232Z	Gate	reachable
2026-09-02T09:31:41.232Z	Serotonin	reachable
2026-09-02T09:31:41.232Z	Crypto Banter	reachable
2026-09-02T09:31:41.232Z	DAOs Hub	reachable
2026-09-02T09:31:41.232Z	Stronghold	slug_gone
2026-09-02T09:31:41.232Z	ChainGPT	reachable
2026-09-02T09:31:41.232Z	MLabs	reachable
2026-09-02T09:31:41.232Z	Hike	empty
2026-09-02T09:31:41.232Z	IO Global	reachable
2026-09-02T09:31:41.232Z	MetaEngine	empty
2026-09-02T09:31:41.232Z	ClayStack	empty
2026-09-02T09:31:41.232Z	ClubRare	empty
2026-09-02T09:31:41.232Z	Faraway	empty
2026-09-02T09:31:41.232Z	Bisonic	empty
2026-09-02T09:31:41.232Z	Bitcraft	empty
2026-09-02T09:31:41.232Z	Keywords Studios	empty
2026-09-02T09:31:41.232Z	Fast Break Labs	empty
2026-09-02T09:31:41.232Z	Coinbase	reachable
2026-09-02T09:31:41.232Z	Ripple	reachable
2026-09-02T09:31:41.232Z	MoonPay	slug_gone
2026-09-02T09:31:41.232Z	Near Foundation	empty
2026-09-02T09:31:41.232Z	Filecoin Foundation	reachable
2026-09-02T09:31:41.232Z	Epic Games	reachable
2026-09-02T09:31:41.232Z	Riot Games	empty
2026-09-02T09:31:41.232Z	Circle.so (community platform)	slug_gone
2026-09-02T09:31:41.232Z	Kraken	empty
2026-09-02T09:31:41.232Z	Anchorage Digital	reachable
2026-09-02T09:31:41.232Z	OpenSea	reachable
2026-09-02T09:31:41.232Z	Mysten Labs (Sui)	reachable
2026-09-02T09:31:41.232Z	Blast	empty
2026-09-02T09:31:41.232Z	EU Remote Jobs	auth
2026-09-02T09:31:41.232Z	RemoteOK	reachable
2026-09-02T09:31:41.232Z	Remotive	reachable
2026-09-02T09:31:41.232Z	Himalayas	reachable
2026-09-02T09:31:41.232Z	WeWorkRemotely	reachable
2026-09-02T09:31:41.232Z	Working Nomads	reachable
2026-09-02T09:31:41.232Z	Jobicy	reachable
2026-09-02T09:31:41.232Z	Arbeitnow	reachable
2026-09-02T09:31:41.232Z	NoDesk	reachable
2026-09-02T09:31:41.232Z	Jobspresso	auth
2026-09-02T09:31:41.232Z	BuiltIn	reachable
2026-09-02T09:31:41.232Z	Adzuna UK	unknown
2026-09-03T09:31:55.754Z	Perk	reachable
2026-09-03T09:31:55.754Z	Job&Talent	reachable
2026-09-03T09:31:55.754Z	Indra Sistemas	reachable
2026-09-03T09:31:55.754Z	Factorial	reachable
2026-09-03T09:31:55.754Z	Scopely	reachable
2026-09-03T09:31:55.754Z	Startale	reachable
2026-09-03T09:31:55.754Z	Aptos Labs	reachable
2026-09-03T09:31:55.754Z	OKX	reachable
2026-09-03T09:31:55.754Z	Uniswap Labs	slug_gone
2026-09-03T09:31:55.754Z	Blockchain.com	reachable
2026-09-03T09:31:55.754Z	Cosmos Labs	reachable
2026-09-03T09:31:55.754Z	BitGo	reachable
2026-09-03T09:31:55.754Z	Eclipse	reachable
2026-09-03T09:31:55.754Z	Bungie	reachable
2026-09-03T09:31:55.754Z	Twitch	reachable
2026-09-03T09:31:55.754Z	Hyphen Connect	slug_gone
2026-09-03T09:31:55.754Z	Remote	reachable
2026-09-03T09:31:55.754Z	VaynerMedia	reachable
2026-09-03T09:31:55.754Z	Smartling	reachable
2026-09-03T09:31:55.754Z	Later	reachable
2026-09-03T09:31:55.754Z	CoW DAO	reachable
2026-09-03T09:31:55.754Z	Solana Foundation	reachable
2026-09-03T09:31:55.754Z	Sky Mavis	reachable
2026-09-03T09:31:55.754Z	Sahara AI	reachable
2026-09-03T09:31:55.754Z	Ava Labs	reachable
2026-09-03T09:31:55.754Z	Trust Wallet	reachable
2026-09-03T09:31:55.754Z	OP Labs	reachable
2026-09-03T09:31:55.754Z	Monad Foundation	reachable
2026-09-03T09:31:55.754Z	Wormhole Foundation	reachable
2026-09-03T09:31:55.754Z	Hyperliquid Labs	reachable
2026-09-03T09:31:55.754Z	Polygon Labs	reachable
2026-09-03T09:31:55.754Z	Lido Finance	reachable
2026-09-03T09:31:55.754Z	Wincent	reachable
2026-09-03T09:31:55.754Z	YO Labs	reachable
2026-09-03T09:31:55.754Z	thatgamecompany	reachable
2026-09-03T09:31:55.754Z	Colonist	reachable
2026-09-03T09:31:55.754Z	Larian Studios	reachable
2026-09-03T09:31:55.754Z	Binance	reachable
2026-09-03T09:31:55.754Z	Animoca Brands	reachable
2026-09-03T09:31:55.754Z	fun.xyz	reachable
2026-09-03T09:31:55.754Z	Nibiru	reachable
2026-09-03T09:31:55.754Z	Offchain Labs	reachable
2026-09-03T09:31:55.754Z	Crypto.com	reachable
2026-09-03T09:31:55.754Z	Arbitrum Foundation	reachable
2026-09-03T09:31:55.754Z	CertiK	reachable
2026-09-03T09:31:55.754Z	Immutable	reachable
2026-09-03T09:31:55.754Z	Sei Labs	slug_gone
2026-09-03T09:31:55.754Z	Ultra	slug_gone
2026-09-03T09:31:55.754Z	Gate	reachable
2026-09-03T09:31:55.754Z	Serotonin	reachable
2026-09-03T09:31:55.754Z	Crypto Banter	reachable
2026-09-03T09:31:55.754Z	DAOs Hub	reachable
2026-09-03T09:31:55.754Z	Stronghold	slug_gone
2026-09-03T09:31:55.754Z	ChainGPT	reachable
2026-09-03T09:31:55.754Z	MLabs	reachable
2026-09-03T09:31:55.754Z	Hike	empty
2026-09-03T09:31:55.754Z	IO Global	reachable
2026-09-03T09:31:55.754Z	MetaEngine	empty
2026-09-03T09:31:55.754Z	ClayStack	empty
2026-09-03T09:31:55.754Z	ClubRare	empty
2026-09-03T09:31:55.754Z	Faraway	empty
2026-09-03T09:31:55.754Z	Bisonic	empty
2026-09-03T09:31:55.754Z	Bitcraft	empty
2026-09-03T09:31:55.754Z	Keywords Studios	empty
2026-09-03T09:31:55.754Z	Fast Break Labs	empty
2026-09-03T09:31:55.754Z	Coinbase	reachable
2026-09-03T09:31:55.754Z	Ripple	reachable
2026-09-03T09:31:55.754Z	MoonPay	slug_gone
2026-09-03T09:31:55.754Z	Near Foundation	empty
2026-09-03T09:31:55.754Z	Filecoin Foundation	reachable
2026-09-03T09:31:55.754Z	Epic Games	reachable
2026-09-03T09:31:55.754Z	Riot Games	empty
2026-09-03T09:31:55.754Z	Circle.so (community platform)	slug_gone
2026-09-03T09:31:55.754Z	Kraken	empty
2026-09-03T09:31:55.754Z	Anchorage Digital	reachable
2026-09-03T09:31:55.754Z	OpenSea	reachable
2026-09-03T09:31:55.754Z	Mysten Labs (Sui)	reachable
2026-09-03T09:31:55.754Z	Blast	empty
2026-09-03T09:31:55.754Z	EU Remote Jobs	auth
2026-09-03T09:31:55.754Z	RemoteOK	reachable
2026-09-03T09:31:55.754Z	Remotive	reachable
2026-09-03T09:31:55.754Z	Himalayas	reachable
2026-09-03T09:31:55.754Z	WeWorkRemotely	reachable
2026-09-03T09:31:55.754Z	Working Nomads	reachable
2026-09-03T09:31:55.754Z	Jobicy	reachable
2026-09-03T09:31:55.754Z	Arbeitnow	reachable
2026-09-03T09:31:55.754Z	NoDesk	reachable
2026-09-03T09:31:55.754Z	Jobspresso	reachable
2026-09-03T09:31:55.754Z	BuiltIn	reachable
2026-09-03T09:31:55.754Z	Adzuna UK	unknown
2026-09-04T09:31:42.757Z	Perk	reachable
2026-09-04T09:31:42.757Z	Job&Talent	reachable
2026-09-04T09:31:42.757Z	Indra Sistemas	reachable
2026-09-04T09:31:42.757Z	Factorial	reachable
2026-09-04T09:31:42.757Z	Scopely	reachable
2026-09-04T09:31:42.757Z	Startale	reachable
2026-09-04T09:31:42.757Z	Aptos Labs	reachable
2026-09-04T09:31:42.757Z	OKX	reachable
2026-09-04T09:31:42.757Z	Uniswap Labs	slug_gone
2026-09-04T09:31:42.757Z	Blockchain.com	reachable
2026-09-04T09:31:42.757Z	Cosmos Labs	reachable
2026-09-04T09:31:42.757Z	BitGo	reachable
2026-09-04T09:31:42.757Z	Eclipse	reachable
2026-09-04T09:31:42.757Z	Bungie	reachable
2026-09-04T09:31:42.757Z	Twitch	reachable
2026-09-04T09:31:42.757Z	Hyphen Connect	slug_gone
2026-09-04T09:31:42.757Z	Remote	reachable
2026-09-04T09:31:42.757Z	VaynerMedia	reachable
2026-09-04T09:31:42.757Z	Smartling	reachable
2026-09-04T09:31:42.757Z	Later	reachable
2026-09-04T09:31:42.757Z	CoW DAO	reachable
2026-09-04T09:31:42.757Z	Solana Foundation	reachable
2026-09-04T09:31:42.757Z	Sky Mavis	reachable
2026-09-04T09:31:42.757Z	Sahara AI	reachable
2026-09-04T09:31:42.757Z	Ava Labs	reachable
2026-09-04T09:31:42.757Z	Trust Wallet	reachable
2026-09-04T09:31:42.757Z	OP Labs	reachable
2026-09-04T09:31:42.757Z	Monad Foundation	reachable
2026-09-04T09:31:42.757Z	Wormhole Foundation	reachable
2026-09-04T09:31:42.757Z	Hyperliquid Labs	reachable
2026-09-04T09:31:42.757Z	Polygon Labs	reachable
2026-09-04T09:31:42.757Z	Lido Finance	reachable
2026-09-04T09:31:42.757Z	Wincent	reachable
2026-09-04T09:31:42.757Z	YO Labs	reachable
2026-09-04T09:31:42.757Z	thatgamecompany	reachable
2026-09-04T09:31:42.757Z	Colonist	reachable
2026-09-04T09:31:42.757Z	Larian Studios	reachable
2026-09-04T09:31:42.757Z	Binance	reachable
2026-09-04T09:31:42.757Z	Animoca Brands	reachable
2026-09-04T09:31:42.757Z	fun.xyz	reachable
2026-09-04T09:31:42.757Z	Nibiru	reachable
2026-09-04T09:31:42.757Z	Offchain Labs	reachable
2026-09-04T09:31:42.757Z	Crypto.com	reachable
2026-09-04T09:31:42.757Z	Arbitrum Foundation	reachable
2026-09-04T09:31:42.757Z	CertiK	reachable
2026-09-04T09:31:42.757Z	Immutable	reachable
2026-09-04T09:31:42.757Z	Sei Labs	slug_gone
2026-09-04T09:31:42.757Z	Ultra	slug_gone
2026-09-04T09:31:42.757Z	Gate	reachable
2026-09-04T09:31:42.757Z	Serotonin	reachable
2026-09-04T09:31:42.757Z	Crypto Banter	reachable
2026-09-04T09:31:42.757Z	DAOs Hub	reachable
2026-09-04T09:31:42.757Z	Stronghold	slug_gone
2026-09-04T09:31:42.757Z	ChainGPT	reachable
2026-09-04T09:31:42.757Z	MLabs	reachable
2026-09-04T09:31:42.757Z	Hike	empty
2026-09-04T09:31:42.757Z	IO Global	reachable
2026-09-04T09:31:42.757Z	MetaEngine	empty
2026-09-04T09:31:42.757Z	ClayStack	empty
2026-09-04T09:31:42.757Z	ClubRare	empty
2026-09-04T09:31:42.757Z	Faraway	empty
2026-09-04T09:31:42.757Z	Bisonic	empty
2026-09-04T09:31:42.757Z	Bitcraft	empty
2026-09-04T09:31:42.757Z	Keywords Studios	empty
2026-09-04T09:31:42.757Z	Fast Break Labs	empty
2026-09-04T09:31:42.757Z	Coinbase	reachable
2026-09-04T09:31:42.757Z	Ripple	reachable
2026-09-04T09:31:42.757Z	MoonPay	slug_gone
2026-09-04T09:31:42.757Z	Near Foundation	empty
2026-09-04T09:31:42.757Z	Filecoin Foundation	reachable
2026-09-04T09:31:42.757Z	Epic Games	reachable
2026-09-04T09:31:42.757Z	Riot Games	empty
2026-09-04T09:31:42.757Z	Circle.so (community platform)	slug_gone
2026-09-04T09:31:42.757Z	Kraken	empty
2026-09-04T09:31:42.757Z	Anchorage Digital	reachable
2026-09-04T09:31:42.757Z	OpenSea	reachable
2026-09-04T09:31:42.757Z	Mysten Labs (Sui)	reachable
2026-09-04T09:31:42.757Z	Blast	empty
2026-09-04T09:31:42.757Z	EU Remote Jobs	auth
2026-09-04T09:31:42.757Z	RemoteOK	reachable
2026-09-04T09:31:42.757Z	Remotive	reachable
2026-09-04T09:31:42.757Z	Himalayas	reachable
2026-09-04T09:31:42.757Z	WeWorkRemotely	reachable
2026-09-04T09:31:42.757Z	Working Nomads	reachable
2026-09-04T09:31:42.757Z	Jobicy	reachable
2026-09-04T09:31:42.757Z	Arbeitnow	reachable
2026-09-04T09:31:42.757Z	NoDesk	reachable
2026-09-04T09:31:42.757Z	Jobspresso	reachable
2026-09-04T09:31:42.757Z	BuiltIn	reachable
2026-09-04T09:31:42.757Z	Adzuna UK	unknown
2026-09-06T19:08:42.787Z	Perk	reachable
2026-09-06T19:08:42.787Z	Job&Talent	reachable
2026-09-06T19:08:42.787Z	Indra Sistemas	reachable
2026-09-06T19:08:42.787Z	Factorial	reachable
2026-09-06T19:08:42.787Z	Scopely	reachable
2026-09-06T19:08:42.787Z	Startale	reachable
2026-09-06T19:08:42.787Z	Aptos Labs	reachable
2026-09-06T19:08:42.787Z	OKX	reachable
2026-09-06T19:08:42.787Z	Uniswap Labs	slug_gone
2026-09-06T19:08:42.787Z	Blockchain.com	reachable
2026-09-06T19:08:42.787Z	Cosmos Labs	reachable
2026-09-06T19:08:42.787Z	BitGo	reachable
2026-09-06T19:08:42.787Z	Eclipse	reachable
2026-09-06T19:08:42.787Z	Bungie	reachable
2026-09-06T19:08:42.787Z	Twitch	reachable
2026-09-06T19:08:42.787Z	Hyphen Connect	slug_gone
2026-09-06T19:08:42.787Z	Remote	reachable
2026-09-06T19:08:42.787Z	VaynerMedia	reachable
2026-09-06T19:08:42.787Z	Smartling	reachable
2026-09-06T19:08:42.787Z	Later	reachable
2026-09-06T19:08:42.787Z	CoW DAO	reachable
2026-09-06T19:08:42.787Z	Solana Foundation	reachable
2026-09-06T19:08:42.787Z	Sky Mavis	reachable
2026-09-06T19:08:42.787Z	Sahara AI	reachable
2026-09-06T19:08:42.787Z	Ava Labs	reachable
2026-09-06T19:08:42.787Z	Trust Wallet	reachable
2026-09-06T19:08:42.787Z	OP Labs	reachable
2026-09-06T19:08:42.787Z	Monad Foundation	reachable
2026-09-06T19:08:42.787Z	Wormhole Foundation	reachable
2026-09-06T19:08:42.787Z	Hyperliquid Labs	reachable
2026-09-06T19:08:42.787Z	Polygon Labs	reachable
2026-09-06T19:08:42.787Z	Lido Finance	reachable
2026-09-06T19:08:42.787Z	Wincent	reachable
2026-09-06T19:08:42.787Z	YO Labs	reachable
2026-09-06T19:08:42.787Z	thatgamecompany	reachable
2026-09-06T19:08:42.787Z	Colonist	reachable
2026-09-06T19:08:42.787Z	Larian Studios	reachable
2026-09-06T19:08:42.787Z	Binance	reachable
2026-09-06T19:08:42.787Z	Animoca Brands	reachable
2026-09-06T19:08:42.787Z	fun.xyz	reachable
2026-09-06T19:08:42.787Z	Nibiru	reachable
2026-09-06T19:08:42.787Z	Offchain Labs	reachable
2026-09-06T19:08:42.787Z	Crypto.com	reachable
2026-09-06T19:08:42.787Z	Arbitrum Foundation	reachable
2026-09-06T19:08:42.787Z	CertiK	reachable
2026-09-06T19:08:42.787Z	Immutable	reachable
2026-09-06T19:08:42.787Z	Sei Labs	slug_gone
2026-09-06T19:08:42.787Z	Ultra	slug_gone
2026-09-06T19:08:42.787Z	Gate	reachable
2026-09-06T19:08:42.787Z	Serotonin	reachable
2026-09-06T19:08:42.787Z	Crypto Banter	reachable
2026-09-06T19:08:42.787Z	DAOs Hub	reachable
2026-09-06T19:08:42.787Z	Stronghold	slug_gone
2026-09-06T19:08:42.787Z	ChainGPT	reachable
2026-09-06T19:08:42.787Z	MLabs	reachable
2026-09-06T19:08:42.787Z	Hike	empty
2026-09-06T19:08:42.787Z	IO Global	reachable
2026-09-06T19:08:42.787Z	MetaEngine	empty
2026-09-06T19:08:42.787Z	ClayStack	empty
2026-09-06T19:08:42.787Z	ClubRare	empty
2026-09-06T19:08:42.787Z	Faraway	empty
2026-09-06T19:08:42.787Z	Bisonic	empty
2026-09-06T19:08:42.787Z	Bitcraft	empty
2026-09-06T19:08:42.787Z	Keywords Studios	reachable
2026-09-06T19:08:42.787Z	Fast Break Labs	empty
2026-09-06T19:08:42.787Z	Coinbase	reachable
2026-09-06T19:08:42.787Z	Ripple	reachable
2026-09-06T19:08:42.787Z	MoonPay	slug_gone
2026-09-06T19:08:42.787Z	Near Foundation	empty
2026-09-06T19:08:42.787Z	Filecoin Foundation	reachable
2026-09-06T19:08:42.787Z	Epic Games	reachable
2026-09-06T19:08:42.787Z	Riot Games	empty
2026-09-06T19:08:42.787Z	Circle.so (community platform)	slug_gone
2026-09-06T19:08:42.787Z	Kraken	empty
2026-09-06T19:08:42.787Z	Anchorage Digital	reachable
2026-09-06T19:08:42.787Z	OpenSea	reachable
2026-09-06T19:08:42.787Z	Mysten Labs (Sui)	reachable
2026-09-06T19:08:42.787Z	Blast	empty
2026-09-06T19:08:42.787Z	EU Remote Jobs	auth
2026-09-06T19:08:42.787Z	RemoteOK	reachable
2026-09-06T19:08:42.787Z	Remotive	reachable
2026-09-06T19:08:42.787Z	Himalayas	reachable
2026-09-06T19:08:42.787Z	WeWorkRemotely	reachable
2026-09-06T19:08:42.787Z	Working Nomads	reachable
2026-09-06T19:08:42.787Z	Jobicy	reachable
2026-09-06T19:08:42.787Z	Arbeitnow	reachable
2026-09-06T19:08:42.787Z	NoDesk	reachable
2026-09-06T19:08:42.787Z	Jobspresso	reachable
2026-09-06T19:08:42.787Z	BuiltIn	reachable
2026-09-06T19:08:42.787Z	Adzuna UK	unknown
2026-09-07T16:08:49.703Z	Perk	reachable
2026-09-07T16:08:49.703Z	Job&Talent	reachable
2026-09-07T16:08:49.703Z	Indra Sistemas	reachable
2026-09-07T16:08:49.703Z	Factorial	reachable
2026-09-07T16:08:49.703Z	Scopely	reachable
2026-09-07T16:08:49.703Z	Startale	reachable
2026-09-07T16:08:49.703Z	Aptos Labs	reachable
2026-09-07T16:08:49.703Z	OKX	reachable
2026-09-07T16:08:49.703Z	Uniswap Labs	slug_gone
2026-09-07T16:08:49.703Z	Blockchain.com	reachable
2026-09-07T16:08:49.703Z	Cosmos Labs	reachable
2026-09-07T16:08:49.703Z	BitGo	reachable
2026-09-07T16:08:49.703Z	Eclipse	reachable
2026-09-07T16:08:49.703Z	Bungie	reachable
2026-09-07T16:08:49.703Z	Twitch	reachable
2026-09-07T16:08:49.703Z	Hyphen Connect	slug_gone
2026-09-07T16:08:49.703Z	Remote	reachable
2026-09-07T16:08:49.703Z	VaynerMedia	reachable
2026-09-07T16:08:49.703Z	Smartling	reachable
2026-09-07T16:08:49.703Z	Later	reachable
2026-09-07T16:08:49.703Z	CoW DAO	reachable
2026-09-07T16:08:49.703Z	Solana Foundation	reachable
2026-09-07T16:08:49.703Z	Sky Mavis	reachable
2026-09-07T16:08:49.703Z	Sahara AI	reachable
2026-09-07T16:08:49.703Z	Ava Labs	reachable
2026-09-07T16:08:49.703Z	Trust Wallet	reachable
2026-09-07T16:08:49.703Z	OP Labs	reachable
2026-09-07T16:08:49.703Z	Monad Foundation	reachable
2026-09-07T16:08:49.703Z	Wormhole Foundation	reachable
2026-09-07T16:08:49.703Z	Hyperliquid Labs	reachable
2026-09-07T16:08:49.703Z	Polygon Labs	reachable
2026-09-07T16:08:49.703Z	Lido Finance	reachable
2026-09-07T16:08:49.703Z	Wincent	reachable
2026-09-07T16:08:49.703Z	YO Labs	reachable
2026-09-07T16:08:49.703Z	thatgamecompany	reachable
2026-09-07T16:08:49.703Z	Colonist	reachable
2026-09-07T16:08:49.703Z	Larian Studios	reachable
2026-09-07T16:08:49.703Z	Binance	reachable
2026-09-07T16:08:49.703Z	Animoca Brands	reachable
2026-09-07T16:08:49.703Z	fun.xyz	reachable
2026-09-07T16:08:49.703Z	Nibiru	reachable
2026-09-07T16:08:49.703Z	Offchain Labs	reachable
2026-09-07T16:08:49.703Z	Crypto.com	reachable
2026-09-07T16:08:49.703Z	Arbitrum Foundation	reachable
2026-09-07T16:08:49.703Z	CertiK	reachable
2026-09-07T16:08:49.703Z	Immutable	reachable
2026-09-07T16:08:49.703Z	Sei Labs	slug_gone
2026-09-07T16:08:49.703Z	Ultra	slug_gone
2026-09-07T16:08:49.703Z	Gate	reachable
2026-09-07T16:08:49.703Z	Serotonin	reachable
2026-09-07T16:08:49.703Z	Crypto Banter	reachable
2026-09-07T16:08:49.703Z	DAOs Hub	reachable
2026-09-07T16:08:49.703Z	Stronghold	slug_gone
2026-09-07T16:08:49.703Z	ChainGPT	reachable
2026-09-07T16:08:49.703Z	MLabs	reachable
2026-09-07T16:08:49.703Z	Hike	empty
2026-09-07T16:08:49.703Z	IO Global	reachable
2026-09-07T16:08:49.703Z	MetaEngine	empty
2026-09-07T16:08:49.703Z	ClayStack	empty
2026-09-07T16:08:49.703Z	ClubRare	empty
2026-09-07T16:08:49.703Z	Faraway	empty
2026-09-07T16:08:49.703Z	Bisonic	empty
2026-09-07T16:08:49.703Z	Bitcraft	empty
2026-09-07T16:08:49.703Z	Keywords Studios	reachable
2026-09-07T16:08:49.703Z	Fast Break Labs	empty
2026-09-07T16:08:49.703Z	Coinbase	reachable
2026-09-07T16:08:49.703Z	Ripple	reachable
2026-09-07T16:08:49.703Z	MoonPay	slug_gone
2026-09-07T16:08:49.703Z	Near Foundation	empty
2026-09-07T16:08:49.703Z	Filecoin Foundation	reachable
2026-09-07T16:08:49.703Z	Epic Games	reachable
2026-09-07T16:08:49.703Z	Riot Games	empty
2026-09-07T16:08:49.703Z	Circle.so (community platform)	slug_gone
2026-09-07T16:08:49.703Z	Kraken	empty
2026-09-07T16:08:49.703Z	Anchorage Digital	reachable
2026-09-07T16:08:49.703Z	OpenSea	reachable
2026-09-07T16:08:49.703Z	Mysten Labs (Sui)	reachable
2026-09-07T16:08:49.703Z	Blast	empty
2026-09-07T16:08:49.703Z	EU Remote Jobs	auth
2026-09-07T16:08:49.703Z	RemoteOK	reachable
2026-09-07T16:08:49.703Z	Remotive	reachable
2026-09-07T16:08:49.703Z	Himalayas	reachable
2026-09-07T16:08:49.703Z	WeWorkRemotely	reachable
2026-09-07T16:08:49.703Z	Working Nomads	reachable
2026-09-07T16:08:49.703Z	Jobicy	reachable
2026-09-07T16:08:49.703Z	Arbeitnow	reachable
2026-09-07T16:08:49.703Z	NoDesk	reachable
2026-09-07T16:08:49.703Z	Jobspresso	reachable
2026-09-07T16:08:49.703Z	BuiltIn	reachable
2026-09-07T16:08:49.703Z	Adzuna UK	unknown
2026-09-07T17:00:11.527Z	Perk	reachable
2026-09-07T17:00:11.527Z	Job&Talent	reachable
2026-09-07T17:00:11.527Z	Indra Sistemas	reachable
2026-09-07T17:00:11.527Z	Factorial	reachable
2026-09-07T17:00:11.527Z	Scopely	reachable
2026-09-07T17:00:11.527Z	Startale	reachable
2026-09-07T17:00:11.527Z	Aptos Labs	reachable
2026-09-07T17:00:11.527Z	OKX	reachable
2026-09-07T17:00:11.527Z	Uniswap Labs	slug_gone
2026-09-07T17:00:11.527Z	Blockchain.com	reachable
2026-09-07T17:00:11.527Z	Cosmos Labs	reachable
2026-09-07T17:00:11.527Z	BitGo	reachable
2026-09-07T17:00:11.527Z	Eclipse	reachable
2026-09-07T17:00:11.527Z	Bungie	reachable
2026-09-07T17:00:11.527Z	Twitch	reachable
2026-09-07T17:00:11.527Z	Hyphen Connect	slug_gone
2026-09-07T17:00:11.527Z	Remote	reachable
2026-09-07T17:00:11.527Z	VaynerMedia	reachable
2026-09-07T17:00:11.527Z	Smartling	reachable
2026-09-07T17:00:11.527Z	Later	reachable
2026-09-07T17:00:11.527Z	CoW DAO	reachable
2026-09-07T17:00:11.527Z	Solana Foundation	reachable
2026-09-07T17:00:11.527Z	Sky Mavis	reachable
2026-09-07T17:00:11.527Z	Sahara AI	reachable
2026-09-07T17:00:11.527Z	Ava Labs	reachable
2026-09-07T17:00:11.527Z	Trust Wallet	reachable
2026-09-07T17:00:11.527Z	OP Labs	reachable
2026-09-07T17:00:11.527Z	Monad Foundation	reachable
2026-09-07T17:00:11.527Z	Wormhole Foundation	reachable
2026-09-07T17:00:11.527Z	Hyperliquid Labs	reachable
2026-09-07T17:00:11.527Z	Polygon Labs	reachable
2026-09-07T17:00:11.527Z	Lido Finance	reachable
2026-09-07T17:00:11.527Z	Wincent	reachable
2026-09-07T17:00:11.527Z	YO Labs	reachable
2026-09-07T17:00:11.527Z	thatgamecompany	reachable
2026-09-07T17:00:11.527Z	Colonist	reachable
2026-09-07T17:00:11.527Z	Larian Studios	reachable
2026-09-07T17:00:11.527Z	Binance	reachable
2026-09-07T17:00:11.527Z	Animoca Brands	reachable
2026-09-07T17:00:11.527Z	fun.xyz	reachable
2026-09-07T17:00:11.527Z	Nibiru	reachable
2026-09-07T17:00:11.527Z	Offchain Labs	reachable
2026-09-07T17:00:11.527Z	Crypto.com	reachable
2026-09-07T17:00:11.527Z	Arbitrum Foundation	reachable
2026-09-07T17:00:11.527Z	CertiK	reachable
2026-09-07T17:00:11.527Z	Immutable	reachable
2026-09-07T17:00:11.527Z	Sei Labs	slug_gone
2026-09-07T17:00:11.527Z	Ultra	slug_gone
2026-09-07T17:00:11.527Z	Gate	reachable
2026-09-07T17:00:11.527Z	Serotonin	reachable
2026-09-07T17:00:11.527Z	Crypto Banter	reachable
2026-09-07T17:00:11.527Z	DAOs Hub	reachable
2026-09-07T17:00:11.527Z	Stronghold	slug_gone
2026-09-07T17:00:11.527Z	ChainGPT	reachable
2026-09-07T17:00:11.527Z	MLabs	reachable
2026-09-07T17:00:11.527Z	Hike	empty
2026-09-07T17:00:11.527Z	IO Global	reachable
2026-09-07T17:00:11.527Z	MetaEngine	empty
2026-09-07T17:00:11.527Z	ClayStack	empty
2026-09-07T17:00:11.527Z	ClubRare	empty
2026-09-07T17:00:11.527Z	Faraway	empty
2026-09-07T17:00:11.527Z	Bisonic	empty
2026-09-07T17:00:11.527Z	Bitcraft	empty
2026-09-07T17:00:11.527Z	Keywords Studios	reachable
2026-09-07T17:00:11.527Z	Fast Break Labs	empty
2026-09-07T17:00:11.527Z	Coinbase	reachable
2026-09-07T17:00:11.527Z	Ripple	reachable
2026-09-07T17:00:11.527Z	MoonPay	slug_gone
2026-09-07T17:00:11.527Z	Near Foundation	empty
2026-09-07T17:00:11.527Z	Filecoin Foundation	reachable
2026-09-07T17:00:11.527Z	Epic Games	reachable
2026-09-07T17:00:11.527Z	Riot Games	empty
2026-09-07T17:00:11.527Z	Circle.so (community platform)	slug_gone
2026-09-07T17:00:11.527Z	Kraken	empty
2026-09-07T17:00:11.527Z	Anchorage Digital	reachable
2026-09-07T17:00:11.527Z	OpenSea	reachable
2026-09-07T17:00:11.527Z	Mysten Labs (Sui)	reachable
2026-09-07T17:00:11.527Z	Blast	empty
2026-09-07T17:00:11.527Z	EU Remote Jobs	auth
2026-09-07T17:00:11.527Z	RemoteOK	reachable
2026-09-07T17:00:11.527Z	Remotive	reachable
2026-09-07T17:00:11.527Z	Himalayas	reachable
2026-09-07T17:00:11.527Z	WeWorkRemotely	reachable
2026-09-07T17:00:11.527Z	Working Nomads	reachable
2026-09-07T17:00:11.527Z	Jobicy	reachable
2026-09-07T17:00:11.527Z	Arbeitnow	reachable
2026-09-07T17:00:11.527Z	NoDesk	reachable
2026-09-07T17:00:11.527Z	Jobspresso	reachable
2026-09-07T17:00:11.527Z	BuiltIn	reachable
2026-09-07T17:00:11.527Z	Adzuna UK	unknown
2026-09-07T18:00:18.410Z	Perk	reachable
2026-09-07T18:00:18.410Z	Job&Talent	reachable
2026-09-07T18:00:18.410Z	Indra Sistemas	reachable
2026-09-07T18:00:18.410Z	Factorial	reachable
2026-09-07T18:00:18.410Z	Scopely	reachable
2026-09-07T18:00:18.410Z	Startale	reachable
2026-09-07T18:00:18.410Z	Aptos Labs	reachable
2026-09-07T18:00:18.410Z	OKX	reachable
2026-09-07T18:00:18.410Z	Uniswap Labs	slug_gone
2026-09-07T18:00:18.410Z	Blockchain.com	reachable
2026-09-07T18:00:18.410Z	Cosmos Labs	reachable
2026-09-07T18:00:18.410Z	BitGo	reachable
2026-09-07T18:00:18.410Z	Eclipse	reachable
2026-09-07T18:00:18.410Z	Bungie	reachable
2026-09-07T18:00:18.410Z	Twitch	reachable
2026-09-07T18:00:18.410Z	Hyphen Connect	slug_gone
2026-09-07T18:00:18.410Z	Remote	reachable
2026-09-07T18:00:18.410Z	VaynerMedia	reachable
2026-09-07T18:00:18.410Z	Smartling	reachable
2026-09-07T18:00:18.410Z	Later	reachable
2026-09-07T18:00:18.410Z	CoW DAO	reachable
2026-09-07T18:00:18.410Z	Solana Foundation	reachable
2026-09-07T18:00:18.410Z	Sky Mavis	reachable
2026-09-07T18:00:18.410Z	Sahara AI	reachable
2026-09-07T18:00:18.410Z	Ava Labs	reachable
2026-09-07T18:00:18.410Z	Trust Wallet	reachable
2026-09-07T18:00:18.410Z	OP Labs	reachable
2026-09-07T18:00:18.410Z	Monad Foundation	reachable
2026-09-07T18:00:18.410Z	Wormhole Foundation	reachable
2026-09-07T18:00:18.410Z	Hyperliquid Labs	reachable
2026-09-07T18:00:18.410Z	Polygon Labs	reachable
2026-09-07T18:00:18.410Z	Lido Finance	reachable
2026-09-07T18:00:18.410Z	Wincent	reachable
2026-09-07T18:00:18.410Z	YO Labs	reachable
2026-09-07T18:00:18.410Z	thatgamecompany	reachable
2026-09-07T18:00:18.410Z	Colonist	reachable
2026-09-07T18:00:18.410Z	Larian Studios	reachable
2026-09-07T18:00:18.410Z	Binance	reachable
2026-09-07T18:00:18.410Z	Animoca Brands	reachable
2026-09-07T18:00:18.410Z	fun.xyz	reachable
2026-09-07T18:00:18.410Z	Nibiru	reachable
2026-09-07T18:00:18.410Z	Offchain Labs	reachable
2026-09-07T18:00:18.410Z	Crypto.com	reachable
2026-09-07T18:00:18.410Z	Arbitrum Foundation	reachable
2026-09-07T18:00:18.410Z	CertiK	reachable
2026-09-07T18:00:18.410Z	Immutable	reachable
2026-09-07T18:00:18.410Z	Sei Labs	slug_gone
2026-09-07T18:00:18.410Z	Ultra	slug_gone
2026-09-07T18:00:18.410Z	Gate	network
2026-09-07T18:00:18.410Z	Serotonin	reachable
2026-09-07T18:00:18.410Z	Crypto Banter	reachable
2026-09-07T18:00:18.410Z	DAOs Hub	reachable
2026-09-07T18:00:18.410Z	Stronghold	slug_gone
2026-09-07T18:00:18.410Z	ChainGPT	reachable
2026-09-07T18:00:18.410Z	MLabs	reachable
2026-09-07T18:00:18.410Z	Hike	empty
2026-09-07T18:00:18.410Z	IO Global	reachable
2026-09-07T18:00:18.410Z	MetaEngine	empty
2026-09-07T18:00:18.410Z	ClayStack	empty
2026-09-07T18:00:18.410Z	ClubRare	empty
2026-09-07T18:00:18.410Z	Faraway	empty
2026-09-07T18:00:18.410Z	Bisonic	empty
2026-09-07T18:00:18.410Z	Bitcraft	empty
2026-09-07T18:00:18.410Z	Keywords Studios	reachable
2026-09-07T18:00:18.410Z	Fast Break Labs	empty
2026-09-07T18:00:18.410Z	Coinbase	reachable
2026-09-07T18:00:18.410Z	Ripple	reachable
2026-09-07T18:00:18.410Z	MoonPay	slug_gone
2026-09-07T18:00:18.410Z	Near Foundation	empty
2026-09-07T18:00:18.410Z	Filecoin Foundation	reachable
2026-09-07T18:00:18.410Z	Epic Games	reachable
2026-09-07T18:00:18.410Z	Riot Games	empty
2026-09-07T18:00:18.410Z	Circle.so (community platform)	slug_gone
2026-09-07T18:00:18.410Z	Kraken	empty
2026-09-07T18:00:18.410Z	Anchorage Digital	reachable
2026-09-07T18:00:18.410Z	OpenSea	reachable
2026-09-07T18:00:18.410Z	Mysten Labs (Sui)	reachable
2026-09-07T18:00:18.410Z	Blast	empty
2026-09-07T18:00:18.410Z	EU Remote Jobs	auth
2026-09-07T18:00:18.410Z	RemoteOK	reachable
2026-09-07T18:00:18.410Z	Remotive	reachable
2026-09-07T18:00:18.410Z	Himalayas	reachable
2026-09-07T18:00:18.410Z	WeWorkRemotely	network
2026-09-07T18:00:18.410Z	Working Nomads	network
2026-09-07T18:00:18.410Z	Jobicy	reachable
2026-09-07T18:00:18.410Z	Arbeitnow	reachable
2026-09-07T18:00:18.410Z	NoDesk	reachable
2026-09-07T18:00:18.410Z	Jobspresso	reachable
2026-09-07T18:00:18.410Z	BuiltIn	reachable
2026-09-07T18:00:18.410Z	Adzuna UK	unknown
2026-09-07T18:31:47.625Z	Perk	reachable
2026-09-07T18:31:47.625Z	Job&Talent	reachable
2026-09-07T18:31:47.625Z	Indra Sistemas	reachable
2026-09-07T18:31:47.625Z	Factorial	reachable
2026-09-07T18:31:47.625Z	Scopely	reachable
2026-09-07T18:31:47.625Z	Startale	reachable
2026-09-07T18:31:47.625Z	Aptos Labs	reachable
2026-09-07T18:31:47.625Z	OKX	reachable
2026-09-07T18:31:47.625Z	Uniswap Labs	slug_gone
2026-09-07T18:31:47.625Z	Blockchain.com	reachable
2026-09-07T18:31:47.625Z	Cosmos Labs	reachable
2026-09-07T18:31:47.625Z	BitGo	reachable
2026-09-07T18:31:47.625Z	Eclipse	reachable
2026-09-07T18:31:47.625Z	Bungie	reachable
2026-09-07T18:31:47.625Z	Twitch	reachable
2026-09-07T18:31:47.625Z	Hyphen Connect	slug_gone
2026-09-07T18:31:47.625Z	Remote	reachable
2026-09-07T18:31:47.625Z	VaynerMedia	network
2026-09-07T18:31:47.625Z	Smartling	reachable
2026-09-07T18:31:47.625Z	Later	reachable
2026-09-07T18:31:47.625Z	CoW DAO	reachable
2026-09-07T18:31:47.625Z	Solana Foundation	reachable
2026-09-07T18:31:47.625Z	Sky Mavis	reachable
2026-09-07T18:31:47.625Z	Sahara AI	reachable
2026-09-07T18:31:47.625Z	Ava Labs	reachable
2026-09-07T18:31:47.625Z	Trust Wallet	reachable
2026-09-07T18:31:47.625Z	OP Labs	reachable
2026-09-07T18:31:47.625Z	Monad Foundation	reachable
2026-09-07T18:31:47.625Z	Wormhole Foundation	reachable
2026-09-07T18:31:47.625Z	Hyperliquid Labs	reachable
2026-09-07T18:31:47.625Z	Polygon Labs	reachable
2026-09-07T18:31:47.625Z	Lido Finance	reachable
2026-09-07T18:31:47.625Z	Wincent	reachable
2026-09-07T18:31:47.625Z	YO Labs	reachable
2026-09-07T18:31:47.625Z	thatgamecompany	reachable
2026-09-07T18:31:47.625Z	Colonist	reachable
2026-09-07T18:31:47.625Z	Larian Studios	reachable
2026-09-07T18:31:47.625Z	Binance	network
2026-09-07T18:31:47.625Z	Animoca Brands	reachable
2026-09-07T18:31:47.625Z	fun.xyz	reachable
2026-09-07T18:31:47.625Z	Nibiru	reachable
2026-09-07T18:31:47.625Z	Offchain Labs	reachable
2026-09-07T18:31:47.625Z	Crypto.com	reachable
2026-09-07T18:31:47.625Z	Arbitrum Foundation	reachable
2026-09-07T18:31:47.625Z	CertiK	reachable
2026-09-07T18:31:47.625Z	Immutable	reachable
2026-09-07T18:31:47.625Z	Sei Labs	slug_gone
2026-09-07T18:31:47.625Z	Ultra	slug_gone
2026-09-07T18:31:47.625Z	Gate	reachable
2026-09-07T18:31:47.625Z	Serotonin	reachable
2026-09-07T18:31:47.625Z	Crypto Banter	reachable
2026-09-07T18:31:47.625Z	DAOs Hub	reachable
2026-09-07T18:31:47.625Z	Stronghold	slug_gone
2026-09-07T18:31:47.625Z	ChainGPT	reachable
2026-09-07T18:31:47.625Z	MLabs	reachable
2026-09-07T18:31:47.625Z	Hike	empty
2026-09-07T18:31:47.625Z	IO Global	reachable
2026-09-07T18:31:47.625Z	MetaEngine	empty
2026-09-07T18:31:47.625Z	ClayStack	empty
2026-09-07T18:31:47.625Z	ClubRare	empty
2026-09-07T18:31:47.625Z	Faraway	empty
2026-09-07T18:31:47.625Z	Bisonic	empty
2026-09-07T18:31:47.625Z	Bitcraft	empty
2026-09-07T18:31:47.625Z	Keywords Studios	reachable
2026-09-07T18:31:47.625Z	Fast Break Labs	empty
2026-09-07T18:31:47.625Z	Coinbase	reachable
2026-09-07T18:31:47.625Z	Ripple	reachable
2026-09-07T18:31:47.625Z	MoonPay	slug_gone
2026-09-07T18:31:47.625Z	Near Foundation	empty
2026-09-07T18:31:47.625Z	Filecoin Foundation	reachable
2026-09-07T18:31:47.625Z	Epic Games	reachable
2026-09-07T18:31:47.625Z	Riot Games	empty
2026-09-07T18:31:47.625Z	Circle.so (community platform)	slug_gone
2026-09-07T18:31:47.625Z	Kraken	empty
2026-09-07T18:31:47.625Z	Anchorage Digital	reachable
2026-09-07T18:31:47.625Z	OpenSea	reachable
2026-09-07T18:31:47.625Z	Mysten Labs (Sui)	reachable
2026-09-07T18:31:47.625Z	Blast	empty
2026-09-07T18:31:47.625Z	EU Remote Jobs	auth
2026-09-07T18:31:47.625Z	RemoteOK	reachable
2026-09-07T18:31:47.625Z	Remotive	reachable
2026-09-07T18:31:47.625Z	Himalayas	reachable
2026-09-07T18:31:47.625Z	WeWorkRemotely	reachable
2026-09-07T18:31:47.625Z	Working Nomads	reachable
2026-09-07T18:31:47.625Z	Jobicy	reachable
2026-09-07T18:31:47.625Z	Arbeitnow	reachable
2026-09-07T18:31:47.625Z	NoDesk	reachable
2026-09-07T18:31:47.625Z	Jobspresso	reachable
2026-09-07T18:31:47.625Z	BuiltIn	reachable
2026-09-07T18:31:47.625Z	Adzuna UK	unknown
2026-09-07T19:00:17.302Z	Perk	reachable
2026-09-07T19:00:17.302Z	Job&Talent	reachable
2026-09-07T19:00:17.302Z	Indra Sistemas	reachable
2026-09-07T19:00:17.302Z	Factorial	reachable
2026-09-07T19:00:17.302Z	Scopely	reachable
2026-09-07T19:00:17.302Z	Startale	reachable
2026-09-07T19:00:17.302Z	Aptos Labs	reachable
2026-09-07T19:00:17.302Z	OKX	reachable
2026-09-07T19:00:17.302Z	Uniswap Labs	slug_gone
2026-09-07T19:00:17.302Z	Blockchain.com	reachable
2026-09-07T19:00:17.302Z	Cosmos Labs	reachable
2026-09-07T19:00:17.302Z	BitGo	reachable
2026-09-07T19:00:17.302Z	Eclipse	reachable
2026-09-07T19:00:17.302Z	Bungie	reachable
2026-09-07T19:00:17.302Z	Twitch	reachable
2026-09-07T19:00:17.302Z	Hyphen Connect	slug_gone
2026-09-07T19:00:17.302Z	Remote	reachable
2026-09-07T19:00:17.302Z	VaynerMedia	reachable
2026-09-07T19:00:17.302Z	Smartling	reachable
2026-09-07T19:00:17.302Z	Later	reachable
2026-09-07T19:00:17.302Z	CoW DAO	reachable
2026-09-07T19:00:17.302Z	Solana Foundation	reachable
2026-09-07T19:00:17.302Z	Sky Mavis	reachable
2026-09-07T19:00:17.302Z	Sahara AI	reachable
2026-09-07T19:00:17.302Z	Ava Labs	reachable
2026-09-07T19:00:17.302Z	Trust Wallet	reachable
2026-09-07T19:00:17.302Z	OP Labs	reachable
2026-09-07T19:00:17.302Z	Monad Foundation	reachable
2026-09-07T19:00:17.302Z	Wormhole Foundation	reachable
2026-09-07T19:00:17.302Z	Hyperliquid Labs	reachable
2026-09-07T19:00:17.302Z	Polygon Labs	reachable
2026-09-07T19:00:17.302Z	Lido Finance	reachable
2026-09-07T19:00:17.302Z	Wincent	reachable
2026-09-07T19:00:17.302Z	YO Labs	reachable
2026-09-07T19:00:17.302Z	thatgamecompany	reachable
2026-09-07T19:00:17.302Z	Colonist	reachable
2026-09-07T19:00:17.302Z	Larian Studios	reachable
2026-09-07T19:00:17.302Z	Binance	reachable
2026-09-07T19:00:17.302Z	Animoca Brands	network
2026-09-07T19:00:17.302Z	fun.xyz	reachable
2026-09-07T19:00:17.302Z	Nibiru	network
2026-09-07T19:00:17.302Z	Offchain Labs	reachable
2026-09-07T19:00:17.302Z	Crypto.com	reachable
2026-09-07T19:00:17.302Z	Arbitrum Foundation	reachable
2026-09-07T19:00:17.302Z	CertiK	network
2026-09-07T19:00:17.302Z	Immutable	reachable
2026-09-07T19:00:17.302Z	Sei Labs	slug_gone
2026-09-07T19:00:17.302Z	Ultra	slug_gone
2026-09-07T19:00:17.302Z	Gate	reachable
2026-09-07T19:00:17.302Z	Serotonin	reachable
2026-09-07T19:00:17.302Z	Crypto Banter	reachable
2026-09-07T19:00:17.302Z	DAOs Hub	reachable
2026-09-07T19:00:17.302Z	Stronghold	slug_gone
2026-09-07T19:00:17.302Z	ChainGPT	reachable
2026-09-07T19:00:17.302Z	MLabs	reachable
2026-09-07T19:00:17.302Z	Hike	empty
2026-09-07T19:00:17.302Z	IO Global	reachable
2026-09-07T19:00:17.302Z	MetaEngine	empty
2026-09-07T19:00:17.302Z	ClayStack	empty
2026-09-07T19:00:17.302Z	ClubRare	empty
2026-09-07T19:00:17.302Z	Faraway	empty
2026-09-07T19:00:17.302Z	Bisonic	empty
2026-09-07T19:00:17.302Z	Bitcraft	empty
2026-09-07T19:00:17.302Z	Keywords Studios	reachable
2026-09-07T19:00:17.302Z	Fast Break Labs	empty
2026-09-07T19:00:17.302Z	Coinbase	reachable
2026-09-07T19:00:17.302Z	Ripple	reachable
2026-09-07T19:00:17.302Z	MoonPay	slug_gone
2026-09-07T19:00:17.302Z	Near Foundation	empty
2026-09-07T19:00:17.302Z	Filecoin Foundation	reachable
2026-09-07T19:00:17.302Z	Epic Games	network
2026-09-07T19:00:17.302Z	Riot Games	empty
2026-09-07T19:00:17.302Z	Circle.so (community platform)	slug_gone
2026-09-07T19:00:17.302Z	Kraken	empty
2026-09-07T19:00:17.302Z	Anchorage Digital	reachable
2026-09-07T19:00:17.302Z	OpenSea	reachable
2026-09-07T19:00:17.302Z	Mysten Labs (Sui)	reachable
2026-09-07T19:00:17.302Z	Blast	empty
2026-09-07T19:00:17.302Z	EU Remote Jobs	auth
2026-09-07T19:00:17.302Z	RemoteOK	reachable
2026-09-07T19:00:17.302Z	Remotive	reachable
2026-09-07T19:00:17.302Z	Himalayas	reachable
2026-09-07T19:00:17.302Z	WeWorkRemotely	reachable
2026-09-07T19:00:17.302Z	Working Nomads	reachable
2026-09-07T19:00:17.302Z	Jobicy	reachable
2026-09-07T19:00:17.302Z	Arbeitnow	reachable
2026-09-07T19:00:17.302Z	NoDesk	reachable
2026-09-07T19:00:17.302Z	Jobspresso	reachable
2026-09-07T19:00:17.302Z	BuiltIn	reachable
2026-09-07T19:00:17.302Z	Adzuna UK	unknown
2026-09-07T20:00:15.316Z	Perk	reachable
2026-09-07T20:00:15.316Z	Job&Talent	reachable
2026-09-07T20:00:15.316Z	Indra Sistemas	reachable
2026-09-07T20:00:15.316Z	Factorial	reachable
2026-09-07T20:00:15.316Z	Scopely	reachable
2026-09-07T20:00:15.316Z	Startale	reachable
2026-09-07T20:00:15.316Z	Aptos Labs	reachable
2026-09-07T20:00:15.316Z	OKX	reachable
2026-09-07T20:00:15.316Z	Uniswap Labs	slug_gone
2026-09-07T20:00:15.316Z	Blockchain.com	reachable
2026-09-07T20:00:15.316Z	Cosmos Labs	reachable
2026-09-07T20:00:15.316Z	BitGo	reachable
2026-09-07T20:00:15.316Z	Eclipse	reachable
2026-09-07T20:00:15.316Z	Bungie	reachable
2026-09-07T20:00:15.316Z	Twitch	reachable
2026-09-07T20:00:15.316Z	Hyphen Connect	slug_gone
2026-09-07T20:00:15.316Z	Remote	reachable
2026-09-07T20:00:15.316Z	VaynerMedia	reachable
2026-09-07T20:00:15.316Z	Smartling	reachable
2026-09-07T20:00:15.316Z	Later	reachable
2026-09-07T20:00:15.316Z	CoW DAO	reachable
2026-09-07T20:00:15.316Z	Solana Foundation	reachable
2026-09-07T20:00:15.316Z	Sky Mavis	reachable
2026-09-07T20:00:15.316Z	Sahara AI	reachable
2026-09-07T20:00:15.316Z	Ava Labs	reachable
2026-09-07T20:00:15.316Z	Trust Wallet	reachable
2026-09-07T20:00:15.316Z	OP Labs	reachable
2026-09-07T20:00:15.316Z	Monad Foundation	reachable
2026-09-07T20:00:15.316Z	Wormhole Foundation	reachable
2026-09-07T20:00:15.316Z	Hyperliquid Labs	reachable
2026-09-07T20:00:15.316Z	Polygon Labs	reachable
2026-09-07T20:00:15.316Z	Lido Finance	reachable
2026-09-07T20:00:15.316Z	Wincent	reachable
2026-09-07T20:00:15.316Z	YO Labs	reachable
2026-09-07T20:00:15.316Z	thatgamecompany	reachable
2026-09-07T20:00:15.316Z	Colonist	reachable
2026-09-07T20:00:15.316Z	Larian Studios	reachable
2026-09-07T20:00:15.316Z	Binance	reachable
2026-09-07T20:00:15.316Z	Animoca Brands	reachable
2026-09-07T20:00:15.316Z	fun.xyz	reachable
2026-09-07T20:00:15.316Z	Nibiru	reachable
2026-09-07T20:00:15.316Z	Offchain Labs	reachable
2026-09-07T20:00:15.316Z	Crypto.com	reachable
2026-09-07T20:00:15.316Z	Arbitrum Foundation	reachable
2026-09-07T20:00:15.316Z	CertiK	reachable
2026-09-07T20:00:15.316Z	Immutable	reachable
2026-09-07T20:00:15.316Z	Sei Labs	slug_gone
2026-09-07T20:00:15.316Z	Ultra	slug_gone
2026-09-07T20:00:15.316Z	Gate	reachable
2026-09-07T20:00:15.316Z	Serotonin	reachable
2026-09-07T20:00:15.316Z	Crypto Banter	reachable
2026-09-07T20:00:15.316Z	DAOs Hub	reachable
2026-09-07T20:00:15.316Z	Stronghold	slug_gone
2026-09-07T20:00:15.316Z	ChainGPT	reachable
2026-09-07T20:00:15.316Z	MLabs	reachable
2026-09-07T20:00:15.316Z	Hike	empty
2026-09-07T20:00:15.316Z	IO Global	reachable
2026-09-07T20:00:15.316Z	MetaEngine	empty
2026-09-07T20:00:15.316Z	ClayStack	empty
2026-09-07T20:00:15.316Z	ClubRare	empty
2026-09-07T20:00:15.316Z	Faraway	empty
2026-09-07T20:00:15.316Z	Bisonic	empty
2026-09-07T20:00:15.316Z	Bitcraft	empty
2026-09-07T20:00:15.316Z	Keywords Studios	reachable
2026-09-07T20:00:15.316Z	Fast Break Labs	empty
2026-09-07T20:00:15.316Z	Coinbase	reachable
2026-09-07T20:00:15.316Z	Ripple	reachable
2026-09-07T20:00:15.316Z	MoonPay	slug_gone
2026-09-07T20:00:15.316Z	Near Foundation	empty
2026-09-07T20:00:15.316Z	Filecoin Foundation	reachable
2026-09-07T20:00:15.316Z	Epic Games	reachable
2026-09-07T20:00:15.316Z	Riot Games	empty
2026-09-07T20:00:15.316Z	Circle.so (community platform)	slug_gone
2026-09-07T20:00:15.316Z	Kraken	empty
2026-09-07T20:00:15.316Z	Anchorage Digital	reachable
2026-09-07T20:00:15.316Z	OpenSea	reachable
2026-09-07T20:00:15.316Z	Mysten Labs (Sui)	reachable
2026-09-07T20:00:15.316Z	Blast	empty
2026-09-07T20:00:15.316Z	EU Remote Jobs	auth
2026-09-07T20:00:15.316Z	RemoteOK	reachable
2026-09-07T20:00:15.316Z	Remotive	reachable
2026-09-07T20:00:15.316Z	Himalayas	reachable
2026-09-07T20:00:15.316Z	WeWorkRemotely	reachable
2026-09-07T20:00:15.316Z	Working Nomads	reachable
2026-09-07T20:00:15.316Z	Jobicy	reachable
2026-09-07T20:00:15.316Z	Arbeitnow	reachable
2026-09-07T20:00:15.316Z	NoDesk	reachable
2026-09-07T20:00:15.316Z	Jobspresso	reachable
2026-09-07T20:00:15.316Z	BuiltIn	reachable
2026-09-07T20:00:15.316Z	Adzuna UK	unknown
2026-09-07T21:00:16.039Z	Perk	reachable
2026-09-07T21:00:16.039Z	Job&Talent	network
2026-09-07T21:00:16.039Z	Indra Sistemas	reachable
2026-09-07T21:00:16.039Z	Factorial	reachable
2026-09-07T21:00:16.039Z	Scopely	reachable
2026-09-07T21:00:16.039Z	Startale	reachable
2026-09-07T21:00:16.039Z	Aptos Labs	reachable
2026-09-07T21:00:16.039Z	OKX	reachable
2026-09-07T21:00:16.039Z	Uniswap Labs	slug_gone
2026-09-07T21:00:16.039Z	Blockchain.com	reachable
2026-09-07T21:00:16.039Z	Cosmos Labs	reachable
2026-09-07T21:00:16.039Z	BitGo	reachable
2026-09-07T21:00:16.039Z	Eclipse	reachable
2026-09-07T21:00:16.039Z	Bungie	reachable
2026-09-07T21:00:16.039Z	Twitch	reachable
2026-09-07T21:00:16.039Z	Hyphen Connect	slug_gone
2026-09-07T21:00:16.039Z	Remote	reachable
2026-09-07T21:00:16.039Z	VaynerMedia	reachable
2026-09-07T21:00:16.039Z	Smartling	reachable
2026-09-07T21:00:16.039Z	Later	network
2026-09-07T21:00:16.039Z	CoW DAO	reachable
2026-09-07T21:00:16.039Z	Solana Foundation	reachable
2026-09-07T21:00:16.039Z	Sky Mavis	reachable
2026-09-07T21:00:16.039Z	Sahara AI	reachable
2026-09-07T21:00:16.039Z	Ava Labs	reachable
2026-09-07T21:00:16.039Z	Trust Wallet	reachable
2026-09-07T21:00:16.039Z	OP Labs	reachable
2026-09-07T21:00:16.039Z	Monad Foundation	reachable
2026-09-07T21:00:16.039Z	Wormhole Foundation	reachable
2026-09-07T21:00:16.039Z	Hyperliquid Labs	reachable
2026-09-07T21:00:16.039Z	Polygon Labs	reachable
2026-09-07T21:00:16.039Z	Lido Finance	reachable
2026-09-07T21:00:16.039Z	Wincent	reachable
2026-09-07T21:00:16.039Z	YO Labs	reachable
2026-09-07T21:00:16.039Z	thatgamecompany	reachable
2026-09-07T21:00:16.039Z	Colonist	reachable
2026-09-07T21:00:16.039Z	Larian Studios	reachable
2026-09-07T21:00:16.039Z	Binance	reachable
2026-09-07T21:00:16.039Z	Animoca Brands	reachable
2026-09-07T21:00:16.039Z	fun.xyz	reachable
2026-09-07T21:00:16.039Z	Nibiru	reachable
2026-09-07T21:00:16.039Z	Offchain Labs	reachable
2026-09-07T21:00:16.039Z	Crypto.com	reachable
2026-09-07T21:00:16.039Z	Arbitrum Foundation	reachable
2026-09-07T21:00:16.039Z	CertiK	reachable
2026-09-07T21:00:16.039Z	Immutable	reachable
2026-09-07T21:00:16.039Z	Sei Labs	slug_gone
2026-09-07T21:00:16.039Z	Ultra	slug_gone
2026-09-07T21:00:16.039Z	Gate	reachable
2026-09-07T21:00:16.039Z	Serotonin	reachable
2026-09-07T21:00:16.039Z	Crypto Banter	reachable
2026-09-07T21:00:16.039Z	DAOs Hub	reachable
2026-09-07T21:00:16.039Z	Stronghold	slug_gone
2026-09-07T21:00:16.039Z	ChainGPT	reachable
2026-09-07T21:00:16.039Z	MLabs	reachable
2026-09-07T21:00:16.039Z	Hike	empty
2026-09-07T21:00:16.039Z	IO Global	reachable
2026-09-07T21:00:16.039Z	MetaEngine	empty
2026-09-07T21:00:16.039Z	ClayStack	empty
2026-09-07T21:00:16.039Z	ClubRare	empty
2026-09-07T21:00:16.039Z	Faraway	empty
2026-09-07T21:00:16.039Z	Bisonic	empty
2026-09-07T21:00:16.039Z	Bitcraft	empty
2026-09-07T21:00:16.039Z	Keywords Studios	reachable
2026-09-07T21:00:16.039Z	Fast Break Labs	empty
2026-09-07T21:00:16.039Z	Coinbase	reachable
2026-09-07T21:00:16.039Z	Ripple	reachable
2026-09-07T21:00:16.039Z	MoonPay	slug_gone
2026-09-07T21:00:16.039Z	Near Foundation	empty
2026-09-07T21:00:16.039Z	Filecoin Foundation	reachable
2026-09-07T21:00:16.039Z	Epic Games	reachable
2026-09-07T21:00:16.039Z	Riot Games	empty
2026-09-07T21:00:16.039Z	Circle.so (community platform)	slug_gone
2026-09-07T21:00:16.039Z	Kraken	empty
2026-09-07T21:00:16.039Z	Anchorage Digital	reachable
2026-09-07T21:00:16.039Z	OpenSea	reachable
2026-09-07T21:00:16.039Z	Mysten Labs (Sui)	reachable
2026-09-07T21:00:16.039Z	Blast	empty
2026-09-07T21:00:16.039Z	EU Remote Jobs	auth
2026-09-07T21:00:16.039Z	RemoteOK	reachable
2026-09-07T21:00:16.039Z	Remotive	reachable
2026-09-07T21:00:16.039Z	Himalayas	reachable
2026-09-07T21:00:16.039Z	WeWorkRemotely	reachable
2026-09-07T21:00:16.039Z	Working Nomads	reachable
2026-09-07T21:00:16.039Z	Jobicy	reachable
2026-09-07T21:00:16.039Z	Arbeitnow	reachable
2026-09-07T21:00:16.039Z	NoDesk	reachable
2026-09-07T21:00:16.039Z	Jobspresso	reachable
2026-09-07T21:00:16.039Z	BuiltIn	reachable
2026-09-07T21:00:16.039Z	Adzuna UK	unknown
2026-09-07T22:00:15.656Z	Perk	reachable
2026-09-07T22:00:15.656Z	Job&Talent	reachable
2026-09-07T22:00:15.656Z	Indra Sistemas	reachable
2026-09-07T22:00:15.656Z	Factorial	reachable
2026-09-07T22:00:15.656Z	Scopely	reachable
2026-09-07T22:00:15.656Z	Startale	reachable
2026-09-07T22:00:15.656Z	Aptos Labs	reachable
2026-09-07T22:00:15.656Z	OKX	reachable
2026-09-07T22:00:15.656Z	Uniswap Labs	slug_gone
2026-09-07T22:00:15.656Z	Blockchain.com	reachable
2026-09-07T22:00:15.656Z	Cosmos Labs	reachable
2026-09-07T22:00:15.656Z	BitGo	reachable
2026-09-07T22:00:15.656Z	Eclipse	reachable
2026-09-07T22:00:15.656Z	Bungie	reachable
2026-09-07T22:00:15.656Z	Twitch	reachable
2026-09-07T22:00:15.656Z	Hyphen Connect	slug_gone
2026-09-07T22:00:15.656Z	Remote	reachable
2026-09-07T22:00:15.656Z	VaynerMedia	reachable
2026-09-07T22:00:15.656Z	Smartling	reachable
2026-09-07T22:00:15.656Z	Later	reachable
2026-09-07T22:00:15.656Z	CoW DAO	reachable
2026-09-07T22:00:15.656Z	Solana Foundation	reachable
2026-09-07T22:00:15.656Z	Sky Mavis	reachable
2026-09-07T22:00:15.656Z	Sahara AI	reachable
2026-09-07T22:00:15.656Z	Ava Labs	reachable
2026-09-07T22:00:15.656Z	Trust Wallet	reachable
2026-09-07T22:00:15.656Z	OP Labs	reachable
2026-09-07T22:00:15.656Z	Monad Foundation	reachable
2026-09-07T22:00:15.656Z	Wormhole Foundation	reachable
2026-09-07T22:00:15.656Z	Hyperliquid Labs	reachable
2026-09-07T22:00:15.656Z	Polygon Labs	reachable
2026-09-07T22:00:15.656Z	Lido Finance	reachable
2026-09-07T22:00:15.656Z	Wincent	reachable
2026-09-07T22:00:15.656Z	YO Labs	reachable
2026-09-07T22:00:15.656Z	thatgamecompany	reachable
2026-09-07T22:00:15.656Z	Colonist	reachable
2026-09-07T22:00:15.656Z	Larian Studios	reachable
2026-09-07T22:00:15.656Z	Binance	reachable
2026-09-07T22:00:15.656Z	Animoca Brands	reachable
2026-09-07T22:00:15.656Z	fun.xyz	reachable
2026-09-07T22:00:15.656Z	Nibiru	reachable
2026-09-07T22:00:15.656Z	Offchain Labs	reachable
2026-09-07T22:00:15.656Z	Crypto.com	reachable
2026-09-07T22:00:15.656Z	Arbitrum Foundation	reachable
2026-09-07T22:00:15.656Z	CertiK	reachable
2026-09-07T22:00:15.656Z	Immutable	reachable
2026-09-07T22:00:15.656Z	Sei Labs	slug_gone
2026-09-07T22:00:15.656Z	Ultra	slug_gone
2026-09-07T22:00:15.656Z	Gate	reachable
2026-09-07T22:00:15.656Z	Serotonin	reachable
2026-09-07T22:00:15.656Z	Crypto Banter	reachable
2026-09-07T22:00:15.656Z	DAOs Hub	reachable
2026-09-07T22:00:15.656Z	Stronghold	slug_gone
2026-09-07T22:00:15.656Z	ChainGPT	reachable
2026-09-07T22:00:15.656Z	MLabs	reachable
2026-09-07T22:00:15.656Z	Hike	empty
2026-09-07T22:00:15.656Z	IO Global	reachable
2026-09-07T22:00:15.656Z	MetaEngine	empty
2026-09-07T22:00:15.656Z	ClayStack	empty
2026-09-07T22:00:15.656Z	ClubRare	empty
2026-09-07T22:00:15.656Z	Faraway	empty
2026-09-07T22:00:15.656Z	Bisonic	empty
2026-09-07T22:00:15.656Z	Bitcraft	empty
2026-09-07T22:00:15.656Z	Keywords Studios	reachable
2026-09-07T22:00:15.656Z	Fast Break Labs	empty
2026-09-07T22:00:15.656Z	Coinbase	reachable
2026-09-07T22:00:15.656Z	Ripple	reachable
2026-09-07T22:00:15.656Z	MoonPay	slug_gone
2026-09-07T22:00:15.656Z	Near Foundation	empty
2026-09-07T22:00:15.656Z	Filecoin Foundation	reachable
2026-09-07T22:00:15.656Z	Epic Games	reachable
2026-09-07T22:00:15.656Z	Riot Games	empty
2026-09-07T22:00:15.656Z	Circle.so (community platform)	slug_gone
2026-09-07T22:00:15.656Z	Kraken	empty
2026-09-07T22:00:15.656Z	Anchorage Digital	reachable
2026-09-07T22:00:15.656Z	OpenSea	reachable
2026-09-07T22:00:15.656Z	Mysten Labs (Sui)	reachable
2026-09-07T22:00:15.656Z	Blast	empty
2026-09-07T22:00:15.656Z	EU Remote Jobs	auth
2026-09-07T22:00:15.656Z	RemoteOK	reachable
2026-09-07T22:00:15.656Z	Remotive	reachable
2026-09-07T22:00:15.656Z	Himalayas	reachable
2026-09-07T22:00:15.656Z	WeWorkRemotely	reachable
2026-09-07T22:00:15.656Z	Working Nomads	reachable
2026-09-07T22:00:15.656Z	Jobicy	reachable
2026-09-07T22:00:15.656Z	Arbeitnow	reachable
2026-09-07T22:00:15.656Z	NoDesk	reachable
2026-09-07T22:00:15.656Z	Jobspresso	reachable
2026-09-07T22:00:15.656Z	BuiltIn	reachable
2026-09-07T22:00:15.656Z	Adzuna UK	unknown
